Flow_ID,Source,Dest,Sent_packets,Recv_packets,PDR_%,Recv_rate,Recv_bytes,Delay,Throughput_Kbps,Protocol,Num_Of_Nodes,Mob_Speed,Num_Of_Sinks,Trans_Power,Set_Run,Set_Seed
1,10.1.1.20,10.1.1.10,178,60,33.7079,44.16,5520,+8.3369e+09ns,0.478688,OLSR,50,70,10,5.5,5,3
2,10.1.1.17,10.1.1.7,280,100,35.7143,73.6,9200,+1.35841e+08ns,0.949673,OLSR,50,70,10,5.5,5,3
3,10.1.1.14,10.1.1.4,228,47,20.614,34.592,4324,+2.06735e+07ns,0.555692,OLSR,50,70,10,5.5,5,3
4,10.1.1.18,10.1.1.8,248,159,64.1129,117.024,14628,+8.33456e+09ns,1.3973,OLSR,50,70,10,5.5,5,3
5,10.1.1.13,10.1.1.3,97,29,29.8969,21.344,2668,+3.36738e+07ns,1.9403,OLSR,50,70,10,5.5,5,3
6,10.1.1.11,10.1.1.1,135,10,7.40741,7.36,920,+5.73381e+06ns,3.27062,OLSR,50,70,10,5.5,5,3
7,10.1.1.19,10.1.1.9,159,54,33.9623,39.744,4968,+5.89939e+07ns,1.03881,OLSR,50,70,10,5.5,5,3
8,10.1.1.15,10.1.1.5,136,107,78.6765,78.752,9844,+6.15899e+07ns,1.56719,OLSR,50,70,10,5.5,5,3
9,10.1.1.16,10.1.1.6,40,12,30,8.832,1104,+5.24485e+06ns,3.21124,OLSR,50,70,10,5.5,5,3
