Flow_ID,Source,Dest,Sent_packets,Recv_packets,PDR_%,Recv_rate,Recv_bytes,Delay,Throughput_Kbps,Protocol,Num_Of_Nodes,Mob_Speed,Num_Of_Sinks,Trans_Power,Set_Run,Set_Seed
1,10.1.1.20,10.1.1.10,143,38,26.5734,27.968,3496,+1.29958e+08ns,0.281081,OLSR,50,70,10,4,5,3
2,10.1.1.17,10.1.1.7,254,53,20.8661,39.008,4876,+8.41342e+07ns,0.541711,OLSR,50,70,10,4,5,3
3,10.1.1.18,10.1.1.8,207,132,63.7681,97.152,12144,+4.57789e+07ns,1.1705,OLSR,50,70,10,4,5,3
4,10.1.1.14,10.1.1.4,152,41,26.9737,30.176,3772,+2.88686e+07ns,0.655995,OLSR,50,70,10,4,5,3
5,10.1.1.13,10.1.1.3,93,18,19.3548,13.248,1656,+1.64028e+07ns,1.60575,OLSR,50,70,10,4,5,3
6,10.1.1.11,10.1.1.1,81,8,9.87654,5.888,736,+2.05892e+07ns,3.36393,OLSR,50,70,10,4,5,3
7,10.1.1.19,10.1.1.9,131,41,31.2977,30.176,3772,+4.14369e+07ns,0.788897,OLSR,50,70,10,4,5,3
8,10.1.1.15,10.1.1.5,126,89,70.6349,65.504,8188,+3.77683e+07ns,1.31665,OLSR,50,70,10,4,5,3
9,10.1.1.16,10.1.1.6,38,9,23.6842,6.624,828,+9.43631e+06ns,3.31144,OLSR,50,70,10,4,5,3
