Flow_ID,Source,Dest,Sent_packets,Recv_packets,PDR_%,Recv_rate,Recv_bytes,Delay,Throughput_Kbps,Protocol,Num_Of_Nodes,Mob_Speed,Num_Of_Sinks,Trans_Power,Set_Run,Set_Seed
1,10.1.1.20,10.1.1.10,69,10,14.4928,7.36,920,+2.91729e+07ns,0.0841129,OLSR,50,70,10,2.5,5,3
2,10.1.1.18,10.1.1.8,168,126,75,92.736,11592,+8.30147e+09ns,1.12407,OLSR,50,70,10,2.5,5,3
3,10.1.1.14,10.1.1.4,120,37,30.8333,27.232,3404,+5.48559e+07ns,0.605151,OLSR,50,70,10,2.5,5,3
4,10.1.1.13,10.1.1.3,65,14,21.5385,10.304,1288,+6.85762e+06ns,3.17013,OLSR,50,70,10,2.5,5,3
5,10.1.1.11,10.1.1.1,54,5,9.25926,3.68,460,+3.7924e+06ns,3.67876,OLSR,50,70,10,2.5,5,3
6,10.1.1.17,10.1.1.7,143,37,25.8741,27.232,3404,+8.28249e+09ns,0.636993,OLSR,50,70,10,2.5,5,3
7,10.1.1.19,10.1.1.9,81,26,32.0988,19.136,2392,+1.15708e+07ns,0.797322,OLSR,50,70,10,2.5,5,3
8,10.1.1.15,10.1.1.5,127,83,65.3543,61.088,7636,+7.95187e+07ns,1.23409,OLSR,50,70,10,2.5,5,3
9,10.1.1.16,10.1.1.6,24,0,0,0,0,+0ns,-0,OLSR,50,70,10,2.5,5,3
