Flow_ID,Source,Dest,Sent_packets,Recv_packets,PDR_%,Recv_rate,Recv_bytes,Delay,Throughput_Kbps,Protocol,Num_Of_Nodes,Mob_Speed,Num_Of_Sinks,Trans_Power,Set_Run,Set_Seed
1,10.1.1.11,10.1.1.1,39,6,15.3846,4.416,552,+4.18839e+06ns,3.53185,OLSR,50,70,10,2,5,3
2,10.1.1.13,10.1.1.3,63,13,20.6349,9.568,1196,+6.24148e+06ns,3.18898,OLSR,50,70,10,2,5,3
3,10.1.1.17,10.1.1.7,96,37,38.5417,27.232,3404,+8.29722e+09ns,0.633289,OLSR,50,70,10,2,5,3
4,10.1.1.14,10.1.1.4,89,32,35.9551,23.552,2944,+3.71173e+07ns,2.69155,OLSR,50,70,10,2,5,3
5,10.1.1.19,10.1.1.9,56,25,44.6429,18.4,2300,+1.26145e+07ns,1.53329,OLSR,50,70,10,2,5,3
6,10.1.1.18,10.1.1.8,161,114,70.8075,83.904,10488,+3.91467e+07ns,2.60165,OLSR,50,70,10,2,5,3
7,10.1.1.15,10.1.1.5,104,72,69.2308,52.992,6624,+3.20523e+07ns,2.20797,OLSR,50,70,10,2,5,3
8,10.1.1.16,10.1.1.6,24,0,0,0,0,+0ns,-0,OLSR,50,70,10,2,5,3
