Flow_ID,Source,Dest,Sent_packets,Recv_packets,PDR_%,Recv_rate,Recv_bytes,Delay,Throughput_Kbps,Protocol,Num_Of_Nodes,Mob_Speed,Num_Of_Sinks,Trans_Power,Set_Run,Set_Seed
1,10.1.1.20,10.1.1.10,197,70,35.533,51.52,6440,+8.39852e+09ns,0.517781,OLSR,50,70,10,4.5,5,3
2,10.1.1.17,10.1.1.7,261,56,21.4559,41.216,5152,+3.04879e+09ns,0.533538,OLSR,50,70,10,4.5,5,3
3,10.1.1.14,10.1.1.4,168,52,30.9524,38.272,4784,+4.052e+07ns,0.619786,OLSR,50,70,10,4.5,5,3
4,10.1.1.18,10.1.1.8,233,144,61.8026,105.984,13248,+5.84025e+07ns,1.27308,OLSR,50,70,10,4.5,5,3
5,10.1.1.13,10.1.1.3,90,27,30,19.872,2484,+1.49486e+07ns,2.33779,OLSR,50,70,10,4.5,5,3
6,10.1.1.11,10.1.1.1,80,9,11.25,6.624,828,+1.98362e+07ns,3.31144,OLSR,50,70,10,4.5,5,3
7,10.1.1.19,10.1.1.9,129,3,2.32558,2.208,276,+2.09395e+07ns,0.0577242,OLSR,50,70,10,4.5,5,3
8,10.1.1.15,10.1.1.5,134,100,74.6269,73.6,9200,+6.05958e+07ns,1.46467,OLSR,50,70,10,4.5,5,3
9,10.1.1.16,10.1.1.6,40,12,30,8.832,1104,+1.03448e+07ns,3.21124,OLSR,50,70,10,4.5,5,3
