Flow_ID,Source,Dest,Sent_packets,Recv_packets,PDR_%,Recv_rate,Recv_bytes,Delay,Throughput_Kbps,Protocol,Num_Of_Nodes,Mob_Speed,Num_Of_Sinks,Trans_Power,Set_Run,Set_Seed
1,10.1.1.20,10.1.1.10,314,86,27.3885,63.296,7912,+5.37875e+09ns,0.668025,OLSR,50,70,10,8,5,3
2,10.1.1.16,10.1.1.6,61,14,22.9508,10.304,1288,+1.57557e+07ns,0.110795,OLSR,50,70,10,8,5,3
3,10.1.1.17,10.1.1.7,332,179,53.9157,131.744,16468,+2.94779e+08ns,1.67826,OLSR,50,70,10,8,5,3
4,10.1.1.14,10.1.1.4,245,73,29.7959,53.728,6716,+5.11848e+07ns,0.839496,OLSR,50,70,10,8,5,3
5,10.1.1.19,10.1.1.9,252,94,37.3016,69.184,8648,+1.05651e+08ns,0.907327,OLSR,50,70,10,8,5,3
6,10.1.1.18,10.1.1.8,295,221,74.9153,162.656,20332,+7.64126e+09ns,1.90798,OLSR,50,70,10,8,5,3
7,10.1.1.13,10.1.1.3,194,52,26.8041,38.272,4784,+4.12336e+07ns,1.8444,OLSR,50,70,10,8,5,3
8,10.1.1.15,10.1.1.5,269,143,53.1599,105.248,13156,+9.90304e+07ns,1.43194,OLSR,50,70,10,8,5,3
9,10.1.1.11,10.1.1.1,242,24,9.91736,17.664,2208,+1.22389e+07ns,0.293177,OLSR,50,70,10,8,5,3
