Flow_ID,Source,Dest,Sent_packets,Recv_packets,PDR_%,Recv_rate,Recv_bytes,Delay,Throughput_Kbps,Protocol,Num_Of_Nodes,Mob_Speed,Num_Of_Sinks,Trans_Power,Set_Run,Set_Seed
1,10.1.1.20,10.1.1.10,341,70,20.5279,51.52,6440,+7.34002e+09ns,0.567711,OLSR,50,70,10,9,5,3
2,10.1.1.16,10.1.1.6,143,22,15.3846,16.192,2024,+1.75479e+07ns,0.17364,OLSR,50,70,10,9,5,3
3,10.1.1.17,10.1.1.7,353,186,52.6912,136.896,17112,+1.69011e+08ns,1.73285,OLSR,50,70,10,9,5,3
4,10.1.1.14,10.1.1.4,262,103,39.313,75.808,9476,+1.13234e+08ns,1.16627,OLSR,50,70,10,9,5,3
5,10.1.1.19,10.1.1.9,288,121,42.0139,89.056,11132,+8.22915e+07ns,1.09607,OLSR,50,70,10,9,5,3
6,10.1.1.18,10.1.1.8,320,236,73.75,173.696,21712,+5.37787e+09ns,1.97942,OLSR,50,70,10,9,5,3
7,10.1.1.13,10.1.1.3,209,52,24.8804,38.272,4784,+5.69822e+07ns,1.59464,OLSR,50,70,10,9,5,3
8,10.1.1.15,10.1.1.5,302,160,52.9801,117.76,14720,+1.67047e+08ns,1.50491,OLSR,50,70,10,9,5,3
9,10.1.1.11,10.1.1.1,240,35,14.5833,25.76,3220,+4.01919e+07ns,0.425783,OLSR,50,70,10,9,5,3
