Flow_ID,Source,Dest,Sent_packets,Recv_packets,PDR_%,Recv_rate,Recv_bytes,Delay,Throughput_Kbps,Protocol,Num_Of_Nodes,Mob_Speed,Num_Of_Sinks,Trans_Power,Set_Run,Set_Seed
1,10.1.1.20,10.1.1.10,318,74,23.2704,54.464,6808,+5.39201e+09ns,0.60515,OLSR,50,70,10,8.5,5,3
2,10.1.1.11,10.1.1.1,306,47,15.3595,34.592,4324,+5.35855e+09ns,0.383289,OLSR,50,70,10,8.5,5,3
3,10.1.1.16,10.1.1.6,92,22,23.913,16.192,2024,+1.22479e+07ns,0.17364,OLSR,50,70,10,8.5,5,3
4,10.1.1.17,10.1.1.7,303,163,53.7954,119.968,14996,+1.73989e+08ns,1.5234,OLSR,50,70,10,8.5,5,3
5,10.1.1.19,10.1.1.9,287,99,34.4948,72.864,9108,+1.24957e+08ns,0.922319,OLSR,50,70,10,8.5,5,3
6,10.1.1.14,10.1.1.4,230,94,40.8696,69.184,8648,+1.45721e+08ns,1.13416,OLSR,50,70,10,8.5,5,3
7,10.1.1.18,10.1.1.8,311,230,73.955,169.28,21160,+2.38065e+09ns,1.92911,OLSR,50,70,10,8.5,5,3
8,10.1.1.13,10.1.1.3,167,47,28.1437,34.592,4324,+3.91335e+07ns,1.64721,OLSR,50,70,10,8.5,5,3
9,10.1.1.15,10.1.1.5,274,175,63.8686,128.8,16100,+1.93436e+08ns,1.89411,OLSR,50,70,10,8.5,5,3
