Flow_ID,Source,Dest,Sent_packets,Recv_packets,PDR_%,Recv_rate,Recv_bytes,Delay,Throughput_Kbps,Protocol,Num_Of_Nodes,Mob_Speed,Num_Of_Sinks,Trans_Power,Set_Run,Set_Seed
1,10.1.1.20,10.1.1.10,244,53,21.7213,39.008,4876,+8.36167e+09ns,0.438288,OLSR,50,70,10,7,5,3
2,10.1.1.16,10.1.1.6,42,13,30.9524,9.568,1196,+5.28124e+06ns,0.103159,OLSR,50,70,10,7,5,3
3,10.1.1.17,10.1.1.7,295,168,56.9492,123.648,15456,+1.90408e+08ns,1.58016,OLSR,50,70,10,7,5,3
4,10.1.1.14,10.1.1.4,245,62,25.3061,45.632,5704,+7.91132e+07ns,0.721451,OLSR,50,70,10,7,5,3
5,10.1.1.18,10.1.1.8,264,200,75.7576,147.2,18400,+5.37743e+09ns,1.73687,OLSR,50,70,10,7,5,3
6,10.1.1.13,10.1.1.3,124,40,32.2581,29.44,3680,+4.57758e+07ns,2.30896,OLSR,50,70,10,7,5,3
7,10.1.1.11,10.1.1.1,214,16,7.47664,11.776,1472,+5.76522e+07ns,0.203853,OLSR,50,70,10,7,5,3
8,10.1.1.15,10.1.1.5,241,116,48.1328,85.376,10672,+5.7248e+07ns,1.3445,OLSR,50,70,10,7,5,3
9,10.1.1.19,10.1.1.9,200,92,46,67.712,8464,+1.07881e+09ns,1.78185,OLSR,50,70,10,7,5,3
