Flow_ID,Source,Dest,Sent_packets,Recv_packets,PDR_%,Recv_rate,Recv_bytes,Delay,Throughput_Kbps,Protocol,Num_Of_Nodes,Mob_Speed,Num_Of_Sinks,Trans_Power,Set_Run,Set_Seed
1,10.1.1.20,10.1.1.10,99,19,19.1919,13.984,1748,+5.80666e+07ns,0.140541,OLSR,50,70,10,3.5,5,3
2,10.1.1.18,10.1.1.8,178,137,76.9663,100.832,12604,+5.87064e+07ns,1.21484,OLSR,50,70,10,3.5,5,3
3,10.1.1.14,10.1.1.4,160,39,24.375,28.704,3588,+2.82052e+07ns,0.630852,OLSR,50,70,10,3.5,5,3
4,10.1.1.13,10.1.1.3,82,15,18.2927,11.04,1380,+1.2732e+07ns,1.42445,OLSR,50,70,10,3.5,5,3
5,10.1.1.11,10.1.1.1,80,7,8.75,5.152,644,+1.60039e+07ns,3.4339,OLSR,50,70,10,3.5,5,3
6,10.1.1.17,10.1.1.7,140,43,30.7143,31.648,3956,+8.30036e+09ns,0.715195,OLSR,50,70,10,3.5,5,3
7,10.1.1.19,10.1.1.9,122,30,24.5902,22.08,2760,+2.62547e+07ns,0.883188,OLSR,50,70,10,3.5,5,3
8,10.1.1.15,10.1.1.5,126,89,70.6349,65.504,8188,+3.39483e+07ns,1.31007,OLSR,50,70,10,3.5,5,3
9,10.1.1.16,10.1.1.6,24,1,4.16667,0.736,92,+6.42778e+06ns,114.503,OLSR,50,70,10,3.5,5,3
