Flow_ID,Source,Dest,Sent_packets,Recv_packets,PDR_%,Recv_rate,Recv_bytes,Delay,Throughput_Kbps,Protocol,Num_Of_Nodes,Mob_Speed,Num_Of_Sinks,Trans_Power,Set_Run,Set_Seed
1,10.1.1.20,10.1.1.10,221,75,33.9367,55.2,6900,+8.39285e+09ns,0.591951,OLSR,50,70,10,6.5,5,3
2,10.1.1.17,10.1.1.7,304,149,49.0132,109.664,13708,+1.55027e+08ns,1.40594,OLSR,50,70,10,6.5,5,3
3,10.1.1.18,10.1.1.8,271,201,74.1697,147.936,18492,+1.74076e+10ns,1.76114,OLSR,50,70,10,6.5,5,3
4,10.1.1.14,10.1.1.4,231,58,25.1082,42.688,5336,+1.86692e+08ns,0.884719,OLSR,50,70,10,6.5,5,3
5,10.1.1.13,10.1.1.3,115,39,33.913,28.704,3588,+2.8744e+08ns,2.34312,OLSR,50,70,10,6.5,5,3
6,10.1.1.11,10.1.1.1,149,12,8.05369,8.832,1104,+1.21846e+07ns,0.147815,OLSR,50,70,10,6.5,5,3
7,10.1.1.19,10.1.1.9,201,89,44.2786,65.504,8188,+8.36381e+09ns,1.72375,OLSR,50,70,10,6.5,5,3
8,10.1.1.15,10.1.1.5,182,109,59.8901,80.224,10028,+1.82336e+09ns,1.58858,OLSR,50,70,10,6.5,5,3
9,10.1.1.16,10.1.1.6,39,12,30.7692,8.832,1104,+1.02251e+07ns,3.21124,OLSR,50,70,10,6.5,5,3
