Flow_ID,Source,Dest,Sent_packets,Recv_packets,PDR_%,Recv_rate,Recv_bytes,Delay,Throughput_Kbps,Protocol,Num_Of_Nodes,Mob_Speed,Num_Of_Sinks,Trans_Power,Set_Run,Set_Seed
1,10.1.1.20,10.1.1.10,196,84,42.8571,61.824,7728,+1.13674e+10ns,0.621341,OLSR,50,70,10,5,5,3
2,10.1.1.17,10.1.1.7,295,91,30.8475,66.976,8372,+8.37786e+09ns,0.864203,OLSR,50,70,10,5,5,3
3,10.1.1.18,10.1.1.8,240,154,64.1667,113.344,14168,+6.28347e+07ns,1.35741,OLSR,50,70,10,5,5,3
4,10.1.1.14,10.1.1.4,161,53,32.9193,39.008,4876,+4.74619e+07ns,0.838876,OLSR,50,70,10,5,5,3
5,10.1.1.13,10.1.1.3,81,28,34.5679,20.608,2576,+3.21443e+07ns,3.05288,OLSR,50,70,10,5,5,3
6,10.1.1.11,10.1.1.1,143,9,6.29371,6.624,828,+2.00091e+07ns,1.65586,OLSR,50,70,10,5,5,3
7,10.1.1.19,10.1.1.9,145,6,4.13793,4.416,552,+1.45391e+07ns,0.115448,OLSR,50,70,10,5,5,3
8,10.1.1.15,10.1.1.5,135,103,76.2963,75.808,9476,+6.23125e+07ns,1.50114,OLSR,50,70,10,5,5,3
9,10.1.1.16,10.1.1.6,31,11,35.4839,8.096,1012,+4.80872e+06ns,3.23796,OLSR,50,70,10,5,5,3
