Flow_ID,Source,Dest,Sent_packets,Recv_packets,PDR_%,Recv_rate,Recv_bytes,Delay,Throughput_Kbps,Protocol,Num_Of_Nodes,Mob_Speed,Num_Of_Sinks,Trans_Power,Set_Run,Set_Seed
1,10.1.1.20,10.1.1.10,311,60,19.2926,44.16,5520,+5.35324e+09ns,0.468537,OLSR,50,70,10,7.5,5,3
2,10.1.1.17,10.1.1.7,321,156,48.5981,114.816,14352,+2.04496e+08ns,1.46262,OLSR,50,70,10,7.5,5,3
3,10.1.1.18,10.1.1.8,303,220,72.6073,161.92,20240,+7.63267e+09ns,1.91055,OLSR,50,70,10,7.5,5,3
4,10.1.1.16,10.1.1.6,69,13,18.8406,9.568,1196,+5.76156e+06ns,0.112896,OLSR,50,70,10,7.5,5,3
5,10.1.1.14,10.1.1.4,248,73,29.4355,53.728,6716,+5.9925e+07ns,1.06921,OLSR,50,70,10,7.5,5,3
6,10.1.1.13,10.1.1.3,186,42,22.5806,30.912,3864,+4.26977e+07ns,2.33292,OLSR,50,70,10,7.5,5,3
7,10.1.1.15,10.1.1.5,258,141,54.6512,103.776,12972,+1.39857e+08ns,1.42158,OLSR,50,70,10,7.5,5,3
8,10.1.1.11,10.1.1.1,218,25,11.4679,18.4,2300,+5.30125e+09ns,0.306665,OLSR,50,70,10,7.5,5,3
9,10.1.1.19,10.1.1.9,201,94,46.7662,69.184,8648,+9.98714e+07ns,1.80869,OLSR,50,70,10,7.5,5,3
