Flow_ID,Source,Dest,Sent_packets,Recv_packets,PDR_%,Recv_rate,Recv_bytes,Delay,Throughput_Kbps,Protocol,Num_Of_Nodes,Mob_Speed,Num_Of_Sinks,Trans_Power,Set_Run,Set_Seed
1,10.1.1.20,10.1.1.10,258,57,22.093,41.952,5244,+8.36993e+09ns,0.452308,OLSR,50,70,10,6,5,3
2,10.1.1.17,10.1.1.7,288,132,45.8333,97.152,12144,+1.46222e+08ns,1.24954,OLSR,50,70,10,6,5,3
3,10.1.1.14,10.1.1.4,239,55,23.0126,40.48,5060,+4.45506e+07ns,0.647677,OLSR,50,70,10,6,5,3
4,10.1.1.18,10.1.1.8,273,187,68.4982,137.632,17204,+1.03731e+10ns,1.63847,OLSR,50,70,10,6,5,3
5,10.1.1.13,10.1.1.3,87,29,33.3333,21.344,2668,+1.56214e+07ns,2.37147,OLSR,50,70,10,6,5,3
6,10.1.1.11,10.1.1.1,141,10,7.0922,7.36,920,+5.19381e+06ns,3.27062,OLSR,50,70,10,6,5,3
7,10.1.1.19,10.1.1.9,161,69,42.8571,50.784,6348,+7.95684e+07ns,1.31052,OLSR,50,70,10,6,5,3
8,10.1.1.15,10.1.1.5,135,107,79.2593,78.752,9844,+5.44807e+07ns,1.56719,OLSR,50,70,10,6,5,3
9,10.1.1.16,10.1.1.6,39,12,30.7692,8.832,1104,+9.84511e+06ns,3.21124,OLSR,50,70,10,6,5,3
