Flow_ID,Source,Dest,Sent_packets,Recv_packets,PDR_%,Recv_rate,Recv_bytes,Delay,Throughput_Kbps,Protocol,Num_Of_Nodes,Mob_Speed,Num_Of_Sinks,Trans_Power,Set_Run,Set_Seed
1,10.1.1.18,10.1.1.8,258,42,16.2791,30.912,3864,+5.50064e+09ns,0.396306,OLSR,60,25,10,7.5,78,3
2,10.1.1.20,10.1.1.10,242,21,8.67769,15.456,1932,+6.54523e+07ns,0.551512,OLSR,60,25,10,7.5,78,3
3,10.1.1.12,10.1.1.2,284,55,19.3662,40.48,5060,+2.38069e+09ns,0.688992,OLSR,60,25,10,7.5,78,3
4,10.1.1.19,10.1.1.9,343,45,13.1195,33.12,4140,+1.78109e+08ns,0.446055,OLSR,60,25,10,7.5,78,3
5,10.1.1.16,10.1.1.6,359,171,47.6323,125.856,15732,+1.76481e+09ns,1.59307,OLSR,60,25,10,7.5,78,3
6,10.1.1.14,10.1.1.4,338,92,27.2189,67.712,8464,+2.41066e+09ns,0.68395,OLSR,60,25,10,7.5,78,3
7,10.1.1.13,10.1.1.3,211,15,7.109,11.04,1380,+1.11012e+09ns,0.158825,OLSR,60,25,10,7.5,78,3
8,10.1.1.17,10.1.1.7,287,53,18.4669,39.008,4876,+1.5999e+08ns,0.532439,OLSR,60,25,10,7.5,78,3
9,10.1.1.11,10.1.1.1,243,19,7.81893,13.984,1748,+8.37926e+09ns,0.26131,OLSR,60,25,10,7.5,78,3
