Flow_ID,Source,Dest,Sent_packets,Recv_packets,PDR_%,Recv_rate,Recv_bytes,Delay,Throughput_Kbps,Protocol,Num_Of_Nodes,Mob_Speed,Num_Of_Sinks,Trans_Power,Set_Run,Set_Seed
1,10.1.1.19,10.1.1.9,376,52,13.8298,38.272,4784,+1.21669e+08ns,0.51544,OLSR,60,25,10,7.5,12,3
2,10.1.1.16,10.1.1.6,367,167,45.5041,122.912,15364,+3.12484e+08ns,1.42504,OLSR,60,25,10,7.5,12,3
3,10.1.1.14,10.1.1.4,384,133,34.6354,97.888,12236,+2.37234e+08ns,0.986263,OLSR,60,25,10,7.5,12,3
4,10.1.1.20,10.1.1.10,124,20,16.129,14.72,1840,+9.27327e+07ns,0.432532,OLSR,60,25,10,7.5,12,3
5,10.1.1.18,10.1.1.8,192,31,16.1458,22.816,2852,+4.79264e+07ns,0.293452,OLSR,60,25,10,7.5,12,3
6,10.1.1.12,10.1.1.2,236,56,23.7288,41.216,5152,+2.36215e+09ns,1.12913,OLSR,60,25,10,7.5,12,3
7,10.1.1.17,10.1.1.7,265,50,18.8679,36.8,4600,+2.4066e+09ns,0.471783,OLSR,60,25,10,7.5,12,3
8,10.1.1.13,10.1.1.3,200,1,0.5,0.736,92,+3.68689e+07ns,0.0164334,OLSR,60,25,10,7.5,12,3
9,10.1.1.11,10.1.1.1,196,8,4.08163,5.888,736,+8.32211e+09ns,0.109031,OLSR,60,25,10,7.5,12,3
