Flow_ID,Source,Dest,Sent_packets,Recv_packets,PDR_%,Recv_rate,Recv_bytes,Delay,Throughput_Kbps,Protocol,Num_Of_Nodes,Mob_Speed,Num_Of_Sinks,Trans_Power,Set_Run,Set_Seed
1,10.1.1.20,10.1.1.10,184,16,8.69565,11.776,1472,+2.98076e+07ns,0.567479,OLSR,60,25,10,7.5,32,3
2,10.1.1.16,10.1.1.6,347,173,49.8559,127.328,15916,+5.29271e+08ns,1.47624,OLSR,60,25,10,7.5,32,3
3,10.1.1.13,10.1.1.3,251,5,1.99203,3.68,460,+1.81853e+09ns,0.420476,OLSR,60,25,10,7.5,32,3
4,10.1.1.18,10.1.1.8,237,39,16.4557,28.704,3588,+4.08451e+09ns,0.369182,OLSR,60,25,10,7.5,32,3
5,10.1.1.19,10.1.1.9,239,53,22.1757,39.008,4876,+1.23593e+08ns,0.527129,OLSR,60,25,10,7.5,32,3
6,10.1.1.14,10.1.1.4,360,137,38.0556,100.832,12604,+2.8938e+08ns,1.01849,OLSR,60,25,10,7.5,32,3
7,10.1.1.12,10.1.1.2,317,53,16.7192,39.008,4876,+1.2796e+08ns,0.658226,OLSR,60,25,10,7.5,32,3
8,10.1.1.17,10.1.1.7,316,69,21.8354,50.784,6348,+2.39114e+09ns,0.722842,OLSR,60,25,10,7.5,32,3
9,10.1.1.11,10.1.1.1,222,8,3.6036,5.888,736,+4.96221e+07ns,0.811292,OLSR,60,25,10,7.5,32,3
