Flow_ID,Source,Dest,Sent_packets,Recv_packets,PDR_%,Recv_rate,Recv_bytes,Delay,Throughput_Kbps,Protocol,Num_Of_Nodes,Mob_Speed,Num_Of_Sinks,Trans_Power,Set_Run,Set_Seed
1,10.1.1.19,10.1.1.9,320,33,10.3125,24.288,3036,+6.25673e+07ns,0.327107,OLSR,60,25,10,7.5,34,3
2,10.1.1.18,10.1.1.8,252,40,15.873,29.44,3680,+5.34362e+09ns,0.378648,OLSR,60,25,10,7.5,34,3
3,10.1.1.12,10.1.1.2,272,50,18.3824,36.8,4600,+1.0068e+08ns,0.376364,OLSR,60,25,10,7.5,34,3
4,10.1.1.20,10.1.1.10,165,24,14.5455,17.664,2208,+7.27896e+07ns,2.61655,OLSR,60,25,10,7.5,34,3
5,10.1.1.13,10.1.1.3,257,9,3.50195,6.624,828,+6.94664e+07ns,0.103092,OLSR,60,25,10,7.5,34,3
6,10.1.1.14,10.1.1.4,376,96,25.5319,70.656,8832,+2.39594e+08ns,0.741668,OLSR,60,25,10,7.5,34,3
7,10.1.1.16,10.1.1.6,356,163,45.7865,119.968,14996,+2.3983e+08ns,1.53312,OLSR,60,25,10,7.5,34,3
8,10.1.1.11,10.1.1.1,204,10,4.90196,7.36,920,+1.05239e+08ns,0.0977353,OLSR,60,25,10,7.5,34,3
9,10.1.1.17,10.1.1.7,274,66,24.0876,48.576,6072,+1.38439e+08ns,0.624733,OLSR,60,25,10,7.5,34,3
