Flow_ID,Source,Dest,Sent_packets,Recv_packets,PDR_%,Recv_rate,Recv_bytes,Delay,Throughput_Kbps,Protocol,Num_Of_Nodes,Mob_Speed,Num_Of_Sinks,Trans_Power,Set_Run,Set_Seed
1,10.1.1.14,10.1.1.4,380,126,33.1579,92.736,11592,+7.17381e+09ns,0.932007,OLSR,60,25,10,7.5,84,3
2,10.1.1.18,10.1.1.8,239,36,15.0628,26.496,3312,+2.87075e+09ns,0.339691,OLSR,60,25,10,7.5,84,3
3,10.1.1.12,10.1.1.2,346,48,13.8728,35.328,4416,+6.02906e+07ns,1.81033,OLSR,60,25,10,7.5,84,3
4,10.1.1.16,10.1.1.6,365,166,45.4795,122.176,15272,+4.44392e+08ns,1.55142,OLSR,60,25,10,7.5,84,3
5,10.1.1.13,10.1.1.3,276,9,3.26087,6.624,828,+7.5797e+09ns,0.0814921,OLSR,60,25,10,7.5,84,3
6,10.1.1.19,10.1.1.9,269,64,23.7918,47.104,5888,+2.08064e+08ns,0.638691,OLSR,60,25,10,7.5,84,3
7,10.1.1.20,10.1.1.10,171,13,7.60234,9.568,1196,+1.64557e+07ns,1.53066,OLSR,60,25,10,7.5,84,3
8,10.1.1.17,10.1.1.7,282,54,19.1489,39.744,4968,+1.47769e+08ns,0.59087,OLSR,60,25,10,7.5,84,3
9,10.1.1.11,10.1.1.1,238,16,6.72269,11.776,1472,+1.13923e+10ns,0.202122,OLSR,60,25,10,7.5,84,3
