Flow_ID,Source,Dest,Sent_packets,Recv_packets,PDR_%,Recv_rate,Recv_bytes,Delay,Throughput_Kbps,Protocol,Num_Of_Nodes,Mob_Speed,Num_Of_Sinks,Trans_Power,Set_Run,Set_Seed
1,10.1.1.16,10.1.1.6,346,156,45.0867,114.816,14352,+1.2196e+09ns,1.32733,OLSR,60,25,10,7.5,26,3
2,10.1.1.19,10.1.1.9,338,70,20.7101,51.52,6440,+2.11005e+08ns,0.693864,OLSR,60,25,10,7.5,26,3
3,10.1.1.14,10.1.1.4,391,118,30.179,86.848,10856,+2.72977e+08ns,0.87503,OLSR,60,25,10,7.5,26,3
4,10.1.1.18,10.1.1.8,279,31,11.1111,22.816,2852,+2.85369e+09ns,0.23158,OLSR,60,25,10,7.5,26,3
5,10.1.1.12,10.1.1.2,277,55,19.8556,40.48,5060,+1.15652e+08ns,0.688992,OLSR,60,25,10,7.5,26,3
6,10.1.1.20,10.1.1.10,221,21,9.50226,15.456,1932,+9.90105e+08ns,0.427332,OLSR,60,25,10,7.5,26,3
7,10.1.1.13,10.1.1.3,280,0,0,0,0,+0ns,-0,OLSR,60,25,10,7.5,26,3
8,10.1.1.17,10.1.1.7,301,52,17.2757,38.272,4784,+2.4073e+09ns,0.414864,OLSR,60,25,10,7.5,26,3
9,10.1.1.11,10.1.1.1,293,4,1.36519,2.944,368,+8.30803e+09ns,0.0350365,OLSR,60,25,10,7.5,26,3
