Flow_ID,Source,Dest,Sent_packets,Recv_packets,PDR_%,Recv_rate,Recv_bytes,Delay,Throughput_Kbps,Protocol,Num_Of_Nodes,Mob_Speed,Num_Of_Sinks,Trans_Power,Set_Run,Set_Seed
1,10.1.1.12,10.1.1.2,250,64,25.6,47.104,5888,+1.94488e+08ns,0.480631,OLSR,60,25,10,7.5,48,3
2,10.1.1.13,10.1.1.3,304,9,2.96053,6.624,828,+1.12482e+08ns,0.0936221,OLSR,60,25,10,7.5,48,3
3,10.1.1.16,10.1.1.6,359,150,41.7827,110.4,13800,+1.9469e+09ns,1.26878,OLSR,60,25,10,7.5,48,3
4,10.1.1.14,10.1.1.4,376,112,29.7872,82.432,10304,+2.95609e+08ns,0.832634,OLSR,60,25,10,7.5,48,3
5,10.1.1.18,10.1.1.8,257,39,15.1751,28.704,3588,+1.25445e+08ns,0.370373,OLSR,60,25,10,7.5,48,3
6,10.1.1.19,10.1.1.9,312,46,14.7436,33.856,4232,+1.4822e+08ns,0.459059,OLSR,60,25,10,7.5,48,3
7,10.1.1.20,10.1.1.10,225,8,3.55556,5.888,736,+3.62014e+07ns,0.216021,OLSR,60,25,10,7.5,48,3
8,10.1.1.11,10.1.1.1,310,16,5.16129,11.776,1472,+6.93576e+09ns,0.137723,OLSR,60,25,10,7.5,48,3
9,10.1.1.17,10.1.1.7,358,60,16.7598,44.16,5520,+1.21716e+08ns,0.590677,OLSR,60,25,10,7.5,48,3
