Flow_ID,Source,Dest,Sent_packets,Recv_packets,PDR_%,Recv_rate,Recv_bytes,Delay,Throughput_Kbps,Protocol,Num_Of_Nodes,Mob_Speed,Num_Of_Sinks,Trans_Power,Set_Run,Set_Seed
1,10.1.1.20,10.1.1.10,158,14,8.86076,10.304,1288,+3.98492e+07ns,1.47181,OLSR,60,25,10,7.5,60,3
2,10.1.1.14,10.1.1.4,316,116,36.7089,85.376,10672,+2.49013e+09ns,0.860199,OLSR,60,25,10,7.5,60,3
3,10.1.1.16,10.1.1.6,349,166,47.5645,122.176,15272,+2.55773e+08ns,1.42063,OLSR,60,25,10,7.5,60,3
4,10.1.1.12,10.1.1.2,321,57,17.757,41.952,5244,+9.48603e+07ns,0.720175,OLSR,60,25,10,7.5,60,3
5,10.1.1.18,10.1.1.8,227,44,19.3833,32.384,4048,+6.92712e+09ns,0.419209,OLSR,60,25,10,7.5,60,3
6,10.1.1.19,10.1.1.9,373,54,14.4772,39.744,4968,+7.5015e+09ns,0.540728,OLSR,60,25,10,7.5,60,3
7,10.1.1.17,10.1.1.7,303,65,21.4521,47.84,5980,+2.34758e+08ns,0.690684,OLSR,60,25,10,7.5,60,3
8,10.1.1.11,10.1.1.1,206,13,6.31068,9.568,1196,+8.28404e+07ns,0.223797,OLSR,60,25,10,7.5,60,3
9,10.1.1.13,10.1.1.3,219,11,5.02283,8.096,1012,+9.02428e+07ns,0.178907,OLSR,60,25,10,7.5,60,3
