Flow_ID,Source,Dest,Sent_packets,Recv_packets,PDR_%,Recv_rate,Recv_bytes,Delay,Throughput_Kbps,Protocol,Num_Of_Nodes,Mob_Speed,Num_Of_Sinks,Trans_Power,Set_Run,Set_Seed
1,10.1.1.12,10.1.1.2,336,56,16.6667,41.216,5152,+1.29569e+08ns,0.698546,OLSR,60,25,10,7.5,50,3
2,10.1.1.18,10.1.1.8,302,31,10.2649,22.816,2852,+2.11916e+09ns,0.235354,OLSR,60,25,10,7.5,50,3
3,10.1.1.19,10.1.1.9,319,53,16.6144,39.008,4876,+1.85121e+08ns,0.484556,OLSR,60,25,10,7.5,50,3
4,10.1.1.13,10.1.1.3,300,6,2,4.416,552,+2.95766e+07ns,0.0606985,OLSR,60,25,10,7.5,50,3
5,10.1.1.20,10.1.1.10,174,11,6.32184,8.096,1012,+4.13589e+07ns,0.399774,OLSR,60,25,10,7.5,50,3
6,10.1.1.16,10.1.1.6,343,159,46.3557,117.024,14628,+2.39589e+08ns,1.3686,OLSR,60,25,10,7.5,50,3
7,10.1.1.14,10.1.1.4,376,103,27.3936,75.808,9476,+2.03135e+08ns,0.767665,OLSR,60,25,10,7.5,50,3
8,10.1.1.17,10.1.1.7,317,66,20.8202,48.576,6072,+1.63555e+08ns,0.588684,OLSR,60,25,10,7.5,50,3
9,10.1.1.11,10.1.1.1,193,0,0,0,0,+0ns,-0,OLSR,60,25,10,7.5,50,3
