Flow_ID,Source,Dest,Sent_packets,Recv_packets,PDR_%,Recv_rate,Recv_bytes,Delay,Throughput_Kbps,Protocol,Num_Of_Nodes,Mob_Speed,Num_Of_Sinks,Trans_Power,Set_Run,Set_Seed
1,10.1.1.18,10.1.1.8,262,41,15.6489,30.176,3772,+2.79263e+09ns,0.38687,OLSR,60,25,10,7.5,70,3
2,10.1.1.19,10.1.1.9,376,43,11.4362,31.648,3956,+1.1056e+09ns,0.4248,OLSR,60,25,10,7.5,70,3
3,10.1.1.13,10.1.1.3,284,13,4.57746,9.568,1196,+7.10275e+07ns,0.135232,OLSR,60,25,10,7.5,70,3
4,10.1.1.12,10.1.1.2,332,52,15.6627,38.272,4784,+9.83968e+07ns,0.874321,OLSR,60,25,10,7.5,70,3
5,10.1.1.20,10.1.1.10,164,24,14.6341,17.664,2208,+5.64013e+07ns,0.861598,OLSR,60,25,10,7.5,70,3
6,10.1.1.14,10.1.1.4,379,127,33.5092,93.472,11684,+3.25624e+08ns,0.944148,OLSR,60,25,10,7.5,70,3
7,10.1.1.16,10.1.1.6,357,174,48.7395,128.064,16008,+2.61464e+08ns,1.62619,OLSR,60,25,10,7.5,70,3
8,10.1.1.17,10.1.1.7,273,67,24.5421,49.312,6164,+1.6452e+08ns,0.821832,OLSR,60,25,10,7.5,70,3
9,10.1.1.11,10.1.1.1,262,13,4.96183,9.568,1196,+8.35287e+09ns,0.178812,OLSR,60,25,10,7.5,70,3
