Flow_ID,Source,Dest,Sent_packets,Recv_packets,PDR_%,Recv_rate,Recv_bytes,Delay,Throughput_Kbps,Protocol,Num_Of_Nodes,Mob_Speed,Num_Of_Sinks,Trans_Power,Set_Run,Set_Seed
1,10.1.1.15,10.1.1.5,312,264,84.6154,194.304,24288,+2.34648e+08ns,1.9528,OLSR,50,10,10,6.5,5,3
2,10.1.1.20,10.1.1.10,363,240,66.1157,176.64,22080,+2.33857e+08ns,2.19423,OLSR,50,10,10,6.5,5,3
3,10.1.1.11,10.1.1.1,1,0,0,0,0,+0ns,-0,OLSR,50,10,10,6.5,5,3
4,10.1.1.16,10.1.1.6,377,247,65.5172,181.792,22724,+2.46974e+08ns,1.8456,OLSR,50,10,10,6.5,5,3
5,10.1.1.17,10.1.1.7,17,0,0,0,0,+0ns,-0,OLSR,50,10,10,6.5,5,3
6,10.1.1.18,10.1.1.8,399,399,100,293.664,36708,+1.8153e+08ns,2.95139,OLSR,50,10,10,6.5,5,3
7,10.1.1.14,10.1.1.4,144,43,29.8611,31.648,3956,+2.09207e+08ns,1.30488,OLSR,50,10,10,6.5,5,3
8,10.1.1.19,10.1.1.9,74,17,22.973,12.512,1564,+9.80792e+07ns,3.12559,OLSR,50,10,10,6.5,5,3
9,10.1.1.13,10.1.1.3,75,16,21.3333,11.776,1472,+1.58571e+08ns,0.168821,OLSR,50,10,10,6.5,5,3
