Flow_ID,Source,Dest,Sent_packets,Recv_packets,PDR_%,Recv_rate,Recv_bytes,Delay,Throughput_Kbps,Protocol,Num_Of_Nodes,Mob_Speed,Num_Of_Sinks,Trans_Power,Set_Run,Set_Seed
1,10.1.1.20,10.1.1.10,379,180,47.4934,132.48,16560,+2.08377e+08ns,1.69289,OLSR,50,10,10,4.5,5,3
2,10.1.1.16,10.1.1.6,294,147,50,108.192,13524,+1.32015e+08ns,1.14792,OLSR,50,10,10,4.5,5,3
3,10.1.1.18,10.1.1.8,399,373,93.4837,274.528,34316,+2.02504e+08ns,2.81565,OLSR,50,10,10,4.5,5,3
4,10.1.1.19,10.1.1.9,125,3,2.4,2.208,276,+2.72826e+07ns,0.10902,OLSR,50,10,10,4.5,5,3
5,10.1.1.14,10.1.1.4,59,12,20.339,8.832,1104,+8.97227e+07ns,1.17703,OLSR,50,10,10,4.5,5,3
6,10.1.1.15,10.1.1.5,150,115,76.6667,84.64,10580,+8.06274e+07ns,1.21347,OLSR,50,10,10,4.5,5,3
