Flow_ID,Source,Dest,Sent_packets,Recv_packets,PDR_%,Recv_rate,Recv_bytes,Delay,Throughput_Kbps,Protocol,Num_Of_Nodes,Mob_Speed,Num_Of_Sinks,Trans_Power,Set_Run,Set_Seed
1,10.1.1.15,10.1.1.5,255,215,84.3137,158.24,19780,+1.45891e+08ns,1.59035,OLSR,50,10,10,6,5,3
2,10.1.1.20,10.1.1.10,396,226,57.0707,166.336,20792,+2.70466e+08ns,2.02762,OLSR,50,10,10,6,5,3
3,10.1.1.16,10.1.1.6,399,249,62.406,183.264,22908,+2.53356e+09ns,1.88446,OLSR,50,10,10,6,5,3
4,10.1.1.18,10.1.1.8,399,390,97.7444,287.04,35880,+1.41217e+08ns,2.95156,OLSR,50,10,10,6,5,3
5,10.1.1.13,10.1.1.3,31,0,0,0,0,+0ns,-0,OLSR,50,10,10,6,5,3
6,10.1.1.14,10.1.1.4,59,7,11.8644,5.152,644,+6.87883e+07ns,0.355221,OLSR,50,10,10,6,5,3
7,10.1.1.19,10.1.1.9,73,2,2.73973,1.472,184,+5.47709e+07ns,0.0194311,OLSR,50,10,10,6,5,3
8,10.1.1.17,10.1.1.7,35,6,17.1429,4.416,552,+5.7437e+07ns,0.205361,OLSR,50,10,10,6,5,3
