Flow_ID,Source,Dest,Sent_packets,Recv_packets,PDR_%,Recv_rate,Recv_bytes,Delay,Throughput_Kbps,Protocol,Num_Of_Nodes,Mob_Speed,Num_Of_Sinks,Trans_Power,Set_Run,Set_Seed
1,10.1.1.18,10.1.1.8,335,244,72.8358,179.584,22448,+1.15094e+08ns,2.19003,OLSR,50,10,10,2,5,3
2,10.1.1.15,10.1.1.5,71,55,77.4648,40.48,5060,+2.87413e+07ns,0.60193,OLSR,50,10,10,2,5,3
3,10.1.1.20,10.1.1.10,140,75,53.5714,55.2,6900,+1.15468e+08ns,2.42628,OLSR,50,10,10,2,5,3
4,10.1.1.16,10.1.1.6,113,90,79.646,66.24,8280,+3.13622e+07ns,2.97703,OLSR,50,10,10,2,5,3
