Flow_ID,Source,Dest,Sent_packets,Recv_packets,PDR_%,Recv_rate,Recv_bytes,Delay,Throughput_Kbps,Protocol,Num_Of_Nodes,Mob_Speed,Num_Of_Sinks,Trans_Power,Set_Run,Set_Seed
1,10.1.1.20,10.1.1.10,144,75,52.0833,55.2,6900,+9.19256e+07ns,1.02222,OLSR,50,10,10,2.5,5,3
2,10.1.1.18,10.1.1.8,337,265,78.635,195.04,24380,+1.30139e+08ns,2.34985,OLSR,50,10,10,2.5,5,3
3,10.1.1.16,10.1.1.6,125,92,73.6,67.712,8464,+3.19347e+07ns,0.859831,OLSR,50,10,10,2.5,5,3
4,10.1.1.15,10.1.1.5,87,66,75.8621,48.576,6072,+3.20598e+07ns,0.719641,OLSR,50,10,10,2.5,5,3
