Flow_ID,Source,Dest,Sent_packets,Recv_packets,PDR_%,Recv_rate,Recv_bytes,Delay,Throughput_Kbps,Protocol,Num_Of_Nodes,Mob_Speed,Num_Of_Sinks,Trans_Power,Set_Run,Set_Seed
1,10.1.1.16,10.1.1.6,228,121,53.0702,89.056,11132,+7.85625e+07ns,0.962764,OLSR,50,10,10,3.5,5,3
2,10.1.1.18,10.1.1.8,399,335,83.9599,246.56,30820,+2.16518e+08ns,2.56831,OLSR,50,10,10,3.5,5,3
3,10.1.1.20,10.1.1.10,210,107,50.9524,78.752,9844,+1.31764e+08ns,1.53658,OLSR,50,10,10,3.5,5,3
4,10.1.1.14,10.1.1.4,40,0,0,0,0,+0ns,-0,OLSR,50,10,10,3.5,5,3
5,10.1.1.15,10.1.1.5,111,89,80.1802,65.504,8188,+4.058e+07ns,0.939121,OLSR,50,10,10,3.5,5,3
