Flow_ID,Source,Dest,Sent_packets,Recv_packets,PDR_%,Recv_rate,Recv_bytes,Delay,Throughput_Kbps,Protocol,Num_Of_Nodes,Mob_Speed,Num_Of_Sinks,Trans_Power,Set_Run,Set_Seed
1,10.1.1.18,10.1.1.8,399,349,87.4687,256.864,32108,+1.65864e+08ns,2.6549,OLSR,50,10,10,4,5,3
2,10.1.1.20,10.1.1.10,310,130,41.9355,95.68,11960,+1.241e+08ns,1.73175,OLSR,50,10,10,4,5,3
3,10.1.1.16,10.1.1.6,260,126,48.4615,92.736,11592,+1.021e+08ns,1.05682,OLSR,50,10,10,4,5,3
4,10.1.1.19,10.1.1.9,102,4,3.92157,2.944,368,+3.11226e+07ns,0.189891,OLSR,50,10,10,4,5,3
5,10.1.1.14,10.1.1.4,31,4,12.9032,2.944,368,+5.41479e+07ns,3.90357,OLSR,50,10,10,4,5,3
6,10.1.1.15,10.1.1.5,111,91,81.982,66.976,8372,+4.04661e+07ns,0.963679,OLSR,50,10,10,4,5,3
