Flow_ID,Source,Dest,Sent_packets,Recv_packets,PDR_%,Recv_rate,Recv_bytes,Delay,Throughput_Kbps,Protocol,Num_Of_Nodes,Mob_Speed,Num_Of_Sinks,Trans_Power,Set_Run,Set_Seed
1,10.1.1.16,10.1.1.6,139,95,68.3453,69.92,8740,+3.72235e+07ns,0.837362,OLSR,50,10,10,3,5,3
2,10.1.1.18,10.1.1.8,367,305,83.1063,224.48,28060,+1.66772e+08ns,2.57281,OLSR,50,10,10,3,5,3
3,10.1.1.15,10.1.1.5,88,70,79.5455,51.52,6440,+3.36048e+07ns,0.760439,OLSR,50,10,10,3,5,3
4,10.1.1.20,10.1.1.10,120,65,54.1667,47.84,5980,+4.06936e+07ns,2.278,OLSR,50,10,10,3,5,3
