Flow_ID,Source,Dest,Sent_packets,Recv_packets,PDR_%,Recv_rate,Recv_bytes,Delay,Throughput_Kbps,Protocol,Num_Of_Nodes,Mob_Speed,Num_Of_Sinks,Trans_Power,Set_Run,Set_Seed
1,10.1.1.15,10.1.1.5,190,145,76.3158,106.72,13340,+1.12649e+08ns,1.07256,OLSR,50,10,10,5,5,3
2,10.1.1.20,10.1.1.10,395,212,53.6709,156.032,19504,+2.16656e+08ns,2.32015,OLSR,50,10,10,5,5,3
3,10.1.1.11,10.1.1.1,9,0,0,0,0,+0ns,-0,OLSR,50,10,10,5,5,3
4,10.1.1.16,10.1.1.6,308,166,53.8961,122.176,15272,+1.51376e+08ns,1.28268,OLSR,50,10,10,5,5,3
5,10.1.1.18,10.1.1.8,399,362,90.7268,266.432,33304,+1.67689e+08ns,2.71175,OLSR,50,10,10,5,5,3
6,10.1.1.14,10.1.1.4,78,12,15.3846,8.832,1104,+7.49089e+07ns,0.425564,OLSR,50,10,10,5,5,3
7,10.1.1.19,10.1.1.9,117,8,6.83761,5.888,736,+6.47881e+07ns,0.305812,OLSR,50,10,10,5,5,3
