Flow_ID,Source,Dest,Sent_packets,Recv_packets,PDR_%,Recv_rate,Recv_bytes,Delay,Throughput_Kbps,Protocol,Num_Of_Nodes,Mob_Speed,Num_Of_Sinks,Trans_Power,Set_Run,Set_Seed
1,10.1.1.15,10.1.1.5,205,179,87.3171,131.744,16468,+1.35644e+08ns,1.32406,OLSR,50,10,10,5.5,5,3
2,10.1.1.20,10.1.1.10,364,221,60.7143,162.656,20332,+2.01803e+08ns,2.3573,OLSR,50,10,10,5.5,5,3
3,10.1.1.16,10.1.1.6,366,219,59.8361,161.184,20148,+2.49038e+09ns,1.67463,OLSR,50,10,10,5.5,5,3
4,10.1.1.18,10.1.1.8,399,370,92.7318,272.32,34040,+1.31194e+08ns,2.88933,OLSR,50,10,10,5.5,5,3
5,10.1.1.14,10.1.1.4,98,39,39.7959,28.704,3588,+2.1955e+08ns,1.2478,OLSR,50,10,10,5.5,5,3
6,10.1.1.19,10.1.1.9,118,29,24.5763,21.344,2668,+1.63923e+08ns,1.29333,OLSR,50,10,10,5.5,5,3
