Flow_ID,Source,Dest,Sent_packets,Recv_packets,PDR_%,Recv_rate,Recv_bytes,Delay,Throughput_Kbps,Protocol,Num_Of_Nodes,Mob_Speed,Num_Of_Sinks,Trans_Power,Set_Run,Set_Seed
1,10.1.1.19,10.1.1.9,279,89,31.8996,65.504,8188,+1.06794e+10ns,0.661651,OLSR,20,25,10,7.5,76,3
2,10.1.1.17,10.1.1.7,248,95,38.3065,69.92,8740,+2.03849e+08ns,0.704477,OLSR,20,25,10,7.5,76,3
3,10.1.1.13,10.1.1.3,373,301,80.6971,221.536,27692,+5.44358e+09ns,2.23209,OLSR,20,25,10,7.5,76,3
4,10.1.1.20,10.1.1.10,309,164,53.0744,120.704,15088,+2.46278e+09ns,1.76209,OLSR,20,25,10,7.5,76,3
5,10.1.1.16,10.1.1.6,195,86,44.1026,63.296,7912,+1.22912e+08ns,0.888361,OLSR,20,25,10,7.5,76,3
