Flow_ID,Source,Dest,Sent_packets,Recv_packets,PDR_%,Recv_rate,Recv_bytes,Delay,Throughput_Kbps,Protocol,Num_Of_Nodes,Mob_Speed,Num_Of_Sinks,Trans_Power,Set_Run,Set_Seed
1,10.1.1.20,10.1.1.10,313,175,55.9105,128.8,16100,+8.83934e+09ns,1.87345,OLSR,20,25,10,7.5,26,3
2,10.1.1.17,10.1.1.7,257,90,35.0195,66.24,8280,+4.15288e+09ns,0.669085,OLSR,20,25,10,7.5,26,3
3,10.1.1.19,10.1.1.9,287,119,41.4634,87.584,10948,+1.78466e+08ns,0.886919,OLSR,20,25,10,7.5,26,3
4,10.1.1.13,10.1.1.3,372,301,80.914,221.536,27692,+5.44196e+09ns,2.24339,OLSR,20,25,10,7.5,26,3
5,10.1.1.16,10.1.1.6,199,86,43.2161,63.296,7912,+1.13865e+08ns,0.879107,OLSR,20,25,10,7.5,26,3
