Flow_ID,Source,Dest,Sent_packets,Recv_packets,PDR_%,Recv_rate,Recv_bytes,Delay,Throughput_Kbps,Protocol,Num_Of_Nodes,Mob_Speed,Num_Of_Sinks,Trans_Power,Set_Run,Set_Seed
1,10.1.1.13,10.1.1.3,376,303,80.5851,223.008,27876,+5.51781e+09ns,2.24128,OLSR,20,25,10,7.5,38,3
2,10.1.1.17,10.1.1.7,274,108,39.4161,79.488,9936,+8.52928e+09ns,0.80088,OLSR,20,25,10,7.5,38,3
3,10.1.1.20,10.1.1.10,277,29,10.4693,21.344,2668,+2.35432e+09ns,0.338789,OLSR,20,25,10,7.5,38,3
4,10.1.1.19,10.1.1.9,250,92,36.8,67.712,8464,+1.94606e+08ns,0.687425,OLSR,20,25,10,7.5,38,3
5,10.1.1.16,10.1.1.6,198,83,41.9192,61.088,7636,+1.24775e+08ns,0.854374,OLSR,20,25,10,7.5,38,3
