Flow_ID,Source,Dest,Sent_packets,Recv_packets,PDR_%,Recv_rate,Recv_bytes,Delay,Throughput_Kbps,Protocol,Num_Of_Nodes,Mob_Speed,Num_Of_Sinks,Trans_Power,Set_Run,Set_Seed
1,10.1.1.17,10.1.1.7,278,104,37.4101,76.544,9568,+2.26955e+08ns,0.76928,OLSR,20,25,10,7.5,32,3
2,10.1.1.20,10.1.1.10,298,167,56.0403,122.912,15364,+1.00023e+10ns,1.7878,OLSR,20,25,10,7.5,32,3
3,10.1.1.19,10.1.1.9,230,95,41.3043,69.92,8740,+1.41781e+08ns,0.708044,OLSR,20,25,10,7.5,32,3
4,10.1.1.13,10.1.1.3,372,319,85.7527,234.784,29348,+5.5813e+09ns,2.37155,OLSR,20,25,10,7.5,32,3
5,10.1.1.16,10.1.1.6,189,52,27.5132,38.272,4784,+1.57534e+08ns,0.53527,OLSR,20,25,10,7.5,32,3
