Flow_ID,Source,Dest,Sent_packets,Recv_packets,PDR_%,Recv_rate,Recv_bytes,Delay,Throughput_Kbps,Protocol,Num_Of_Nodes,Mob_Speed,Num_Of_Sinks,Trans_Power,Set_Run,Set_Seed
1,10.1.1.20,10.1.1.10,280,154,55,113.344,14168,+2.36711e+09ns,1.64863,OLSR,20,25,10,7.5,36,3
2,10.1.1.17,10.1.1.7,271,94,34.6863,69.184,8648,+2.43766e+09ns,0.698822,OLSR,20,25,10,7.5,36,3
3,10.1.1.19,10.1.1.9,263,103,39.1635,75.808,9476,+8.46146e+09ns,0.769617,OLSR,20,25,10,7.5,36,3
4,10.1.1.13,10.1.1.3,372,298,80.1075,219.328,27416,+5.46067e+09ns,2.22104,OLSR,20,25,10,7.5,36,3
5,10.1.1.16,10.1.1.6,200,85,42.5,62.56,7820,+2.59342e+08ns,0.871912,OLSR,20,25,10,7.5,36,3
