Flow_ID,Source,Dest,Sent_packets,Recv_packets,PDR_%,Recv_rate,Recv_bytes,Delay,Throughput_Kbps,Protocol,Num_Of_Nodes,Mob_Speed,Num_Of_Sinks,Trans_Power,Set_Run,Set_Seed
1,10.1.1.20,10.1.1.10,280,27,9.64286,19.872,2484,+5.3329e+09ns,0.311713,OLSR,20,25,10,7.5,20,3
2,10.1.1.13,10.1.1.3,372,300,80.6452,220.8,27600,+5.54929e+09ns,2.22468,OLSR,20,25,10,7.5,20,3
3,10.1.1.19,10.1.1.9,291,106,36.4261,78.016,9752,+1.07433e+10ns,0.790028,OLSR,20,25,10,7.5,20,3
4,10.1.1.17,10.1.1.7,260,93,35.7692,68.448,8556,+1.75788e+08ns,0.691388,OLSR,20,25,10,7.5,20,3
5,10.1.1.16,10.1.1.6,186,81,43.5484,59.616,7452,+8.04315e+07ns,0.827996,OLSR,20,25,10,7.5,20,3
