Flow_ID,Source,Dest,Sent_packets,Recv_packets,PDR_%,Recv_rate,Recv_bytes,Delay,Throughput_Kbps,Protocol,Num_Of_Nodes,Mob_Speed,Num_Of_Sinks,Trans_Power,Set_Run,Set_Seed
1,10.1.1.17,10.1.1.7,279,103,36.9176,75.808,9476,+2.11388e+08ns,0.763802,OLSR,20,25,10,7.5,74,3
2,10.1.1.13,10.1.1.3,375,302,80.5333,222.272,27784,+5.4575e+09ns,2.23951,OLSR,20,25,10,7.5,74,3
3,10.1.1.19,10.1.1.9,289,109,37.7163,80.224,10028,+8.47063e+09ns,0.812388,OLSR,20,25,10,7.5,74,3
4,10.1.1.20,10.1.1.10,310,165,53.2258,121.44,15180,+2.43522e+09ns,1.77933,OLSR,20,25,10,7.5,74,3
5,10.1.1.16,10.1.1.6,193,89,46.114,65.504,8188,+1.26122e+08ns,0.912943,OLSR,20,25,10,7.5,74,3
