Flow_ID,Source,Dest,Sent_packets,Recv_packets,PDR_%,Recv_rate,Recv_bytes,Delay,Throughput_Kbps,Protocol,Num_Of_Nodes,Mob_Speed,Num_Of_Sinks,Trans_Power,Set_Run,Set_Seed
1,10.1.1.17,10.1.1.7,276,100,36.2319,73.6,9200,+2.01709e+08ns,0.739692,OLSR,20,25,10,7.5,34,3
2,10.1.1.14,10.1.1.4,1,0,0,0,0,+0ns,-0,OLSR,20,25,10,7.5,34,3
3,10.1.1.19,10.1.1.9,234,97,41.453,71.392,8924,+1.64674e+08ns,0.72295,OLSR,20,25,10,7.5,34,3
4,10.1.1.13,10.1.1.3,374,302,80.7487,222.272,27784,+5.49014e+09ns,2.24516,OLSR,20,25,10,7.5,34,3
5,10.1.1.20,10.1.1.10,308,158,51.2987,116.288,14536,+1.4475e+08ns,1.71011,OLSR,20,25,10,7.5,34,3
6,10.1.1.16,10.1.1.6,196,81,41.3265,59.616,7452,+6.02086e+08ns,0.836712,OLSR,20,25,10,7.5,34,3
