Flow_ID,Source,Dest,Sent_packets,Recv_packets,PDR_%,Recv_rate,Recv_bytes,Delay,Throughput_Kbps,Protocol,Num_Of_Nodes,Mob_Speed,Num_Of_Sinks,Trans_Power,Set_Run,Set_Seed
1,10.1.1.13,10.1.1.3,374,299,79.9465,220.064,27508,+5.45015e+09ns,2.21726,OLSR,20,25,10,7.5,2,3
2,10.1.1.19,10.1.1.9,288,111,38.5417,81.696,10212,+1.89915e+08ns,0.827294,OLSR,20,25,10,7.5,2,3
3,10.1.1.17,10.1.1.7,274,97,35.4015,71.392,8924,+1.92485e+09ns,0.721125,OLSR,20,25,10,7.5,2,3
4,10.1.1.20,10.1.1.10,308,37,12.013,27.232,3404,+3.23971e+09ns,0.43397,OLSR,20,25,10,7.5,2,3
5,10.1.1.16,10.1.1.6,197,74,37.5635,54.464,6808,+8.33498e+07ns,0.764403,OLSR,20,25,10,7.5,2,3
