Flow_ID,Source,Dest,Sent_packets,Recv_packets,PDR_%,Recv_rate,Recv_bytes,Delay,Throughput_Kbps,Protocol,Num_Of_Nodes,Mob_Speed,Num_Of_Sinks,Trans_Power,Set_Run,Set_Seed
1,10.1.1.17,10.1.1.7,269,103,38.29,75.808,9476,+8.48286e+09ns,0.763802,OLSR,20,25,10,7.5,70,3
2,10.1.1.19,10.1.1.9,275,111,40.3636,81.696,10212,+8.73345e+09ns,0.827294,OLSR,20,25,10,7.5,70,3
3,10.1.1.13,10.1.1.3,372,300,80.6452,220.8,27600,+5.46353e+09ns,2.2303,OLSR,20,25,10,7.5,70,3
4,10.1.1.20,10.1.1.10,265,26,9.81132,19.136,2392,+1.20968e+10ns,0.30135,OLSR,20,25,10,7.5,70,3
5,10.1.1.16,10.1.1.6,184,76,41.3043,55.936,6992,+9.04595e+07ns,0.785063,OLSR,20,25,10,7.5,70,3
