Flow_ID,Source,Dest,Sent_packets,Recv_packets,PDR_%,Recv_rate,Recv_bytes,Delay,Throughput_Kbps,Protocol,Num_Of_Nodes,Mob_Speed,Num_Of_Sinks,Trans_Power,Set_Run,Set_Seed
1,10.1.1.13,10.1.1.3,368,295,80.163,217.12,27140,+5.49297e+09ns,2.1821,OLSR,20,25,10,7.5,50,3
2,10.1.1.17,10.1.1.7,275,98,35.6364,72.128,9016,+2.03891e+08ns,0.728559,OLSR,20,25,10,7.5,50,3
3,10.1.1.20,10.1.1.10,309,164,53.0744,120.704,15088,+2.44638e+09ns,1.76855,OLSR,20,25,10,7.5,50,3
4,10.1.1.19,10.1.1.9,268,118,44.0299,86.848,10856,+8.55491e+09ns,0.881698,OLSR,20,25,10,7.5,50,3
5,10.1.1.16,10.1.1.6,198,81,40.9091,59.616,7452,+8.39552e+07ns,0.830881,OLSR,20,25,10,7.5,50,3
