Flow_ID,Source,Dest,Sent_packets,Recv_packets,PDR_%,Recv_rate,Recv_bytes,Delay,Throughput_Kbps,Protocol,Num_Of_Nodes,Mob_Speed,Num_Of_Sinks,Trans_Power,Set_Run,Set_Seed
1,10.1.1.17,10.1.1.7,255,94,36.8627,69.184,8648,+1.93299e+08ns,0.69531,OLSR,20,25,10,7.5,58,3
2,10.1.1.19,10.1.1.9,293,107,36.5188,78.752,9844,+1.49827e+10ns,0.795468,OLSR,20,25,10,7.5,58,3
3,10.1.1.20,10.1.1.10,295,164,55.5932,120.704,15088,+2.43291e+09ns,1.76855,OLSR,20,25,10,7.5,58,3
4,10.1.1.13,10.1.1.3,372,301,80.914,221.536,27692,+5.46331e+09ns,2.24339,OLSR,20,25,10,7.5,58,3
5,10.1.1.16,10.1.1.6,190,71,37.3684,52.256,6532,+6.70843e+07ns,0.735997,OLSR,20,25,10,7.5,58,3
