Flow_ID,Source,Dest,Sent_packets,Recv_packets,PDR_%,Recv_rate,Recv_bytes,Delay,Throughput_Kbps,Protocol,Num_Of_Nodes,Mob_Speed,Num_Of_Sinks,Trans_Power,Set_Run,Set_Seed
1,10.1.1.17,10.1.1.7,281,102,36.2989,75.072,9384,+2.01703e+08ns,0.754486,OLSR,20,25,10,7.5,46,3
2,10.1.1.13,10.1.1.3,374,302,80.7487,222.272,27784,+5.47166e+09ns,2.24516,OLSR,20,25,10,7.5,46,3
3,10.1.1.19,10.1.1.9,268,95,35.4478,69.92,8740,+1.6154e+08ns,0.709841,OLSR,20,25,10,7.5,46,3
4,10.1.1.20,10.1.1.10,292,45,15.411,33.12,4140,+2.40406e+09ns,0.525707,OLSR,20,25,10,7.5,46,3
5,10.1.1.16,10.1.1.6,182,72,39.5604,52.992,6624,+7.29943e+07ns,0.735997,OLSR,20,25,10,7.5,46,3
