Flow_ID,Source,Dest,Sent_packets,Recv_packets,PDR_%,Recv_rate,Recv_bytes,Delay,Throughput_Kbps,Protocol,Num_Of_Nodes,Mob_Speed,Num_Of_Sinks,Trans_Power,Set_Run,Set_Seed
1,10.1.1.17,10.1.1.7,274,95,34.6715,69.92,8740,+1.97387e+08ns,0.702707,OLSR,20,25,10,7.5,48,3
2,10.1.1.14,10.1.1.4,1,0,0,0,0,+0ns,-0,OLSR,20,25,10,7.5,48,3
3,10.1.1.13,10.1.1.3,367,294,80.109,216.384,27048,+5.45403e+09ns,2.18018,OLSR,20,25,10,7.5,48,3
4,10.1.1.20,10.1.1.10,312,163,52.2436,119.968,14996,+2.44618e+09ns,1.75135,OLSR,20,25,10,7.5,48,3
5,10.1.1.19,10.1.1.9,263,95,36.1217,69.92,8740,+1.46855e+08ns,0.735993,OLSR,20,25,10,7.5,48,3
6,10.1.1.16,10.1.1.6,191,85,44.5026,62.56,7820,+2.87006e+08ns,0.871912,OLSR,20,25,10,7.5,48,3
