Flow_ID,Source,Dest,Sent_packets,Recv_packets,PDR_%,Recv_rate,Recv_bytes,Delay,Throughput_Kbps,Protocol,Num_Of_Nodes,Mob_Speed,Num_Of_Sinks,Trans_Power,Set_Run,Set_Seed
1,10.1.1.19,10.1.1.9,290,88,30.3448,64.768,8096,+1.46346e+08ns,0.652568,OLSR,20,25,10,7.5,68,3
2,10.1.1.17,10.1.1.7,279,104,37.276,76.544,9568,+2.23742e+08ns,0.76928,OLSR,20,25,10,7.5,68,3
3,10.1.1.13,10.1.1.3,374,300,80.2139,220.8,27600,+5.46241e+09ns,2.2303,OLSR,20,25,10,7.5,68,3
4,10.1.1.20,10.1.1.10,310,168,54.1935,123.648,15456,+2.45793e+09ns,1.81834,OLSR,20,25,10,7.5,68,3
5,10.1.1.16,10.1.1.6,192,74,38.5417,54.464,6808,+3.67176e+08ns,0.759077,OLSR,20,25,10,7.5,68,3
