Flow_ID,Source,Dest,Sent_packets,Recv_packets,PDR_%,Recv_rate,Recv_bytes,Delay,Throughput_Kbps,Protocol,Num_Of_Nodes,Mob_Speed,Num_Of_Sinks,Trans_Power,Set_Run,Set_Seed
1,10.1.1.20,10.1.1.10,294,167,56.8027,122.912,15364,+1.47431e+08ns,1.79433,OLSR,20,25,10,7.5,60,3
2,10.1.1.17,10.1.1.7,252,94,37.3016,69.184,8648,+1.74083e+08ns,0.697062,OLSR,20,25,10,7.5,60,3
3,10.1.1.19,10.1.1.9,268,134,50,98.624,12328,+2.52481e+09ns,0.998715,OLSR,20,25,10,7.5,60,3
4,10.1.1.13,10.1.1.3,373,299,80.1609,220.064,27508,+5.45725e+09ns,2.22849,OLSR,20,25,10,7.5,60,3
5,10.1.1.16,10.1.1.6,192,81,42.1875,59.616,7452,+2.0941e+08ns,0.833786,OLSR,20,25,10,7.5,60,3
