Flow_ID,Source,Dest,Sent_packets,Recv_packets,PDR_%,Recv_rate,Recv_bytes,Delay,Throughput_Kbps,Protocol,Num_Of_Nodes,Mob_Speed,Num_Of_Sinks,Trans_Power,Set_Run,Set_Seed
1,10.1.1.17,10.1.1.7,278,99,35.6115,72.864,9108,+4.19796e+09ns,0.732295,OLSR,20,25,10,7.5,64,3
2,10.1.1.19,10.1.1.9,283,111,39.2226,81.696,10212,+2.21432e+08ns,0.825205,OLSR,20,25,10,7.5,64,3
3,10.1.1.20,10.1.1.10,303,160,52.8053,117.76,14720,+1.6468e+08ns,1.72541,OLSR,20,25,10,7.5,64,3
4,10.1.1.13,10.1.1.3,372,299,80.3763,220.064,27508,+5.46395e+09ns,2.22849,OLSR,20,25,10,7.5,64,3
5,10.1.1.16,10.1.1.6,188,80,42.5532,58.88,7360,+1.8958e+08ns,0.832222,OLSR,20,25,10,7.5,64,3
