Flow_ID,Source,Dest,Sent_packets,Recv_packets,PDR_%,Recv_rate,Recv_bytes,Delay,Throughput_Kbps,Protocol,Num_Of_Nodes,Mob_Speed,Num_Of_Sinks,Trans_Power,Set_Run,Set_Seed
1,10.1.1.20,10.1.1.10,279,150,53.7634,110.4,13800,+2.3629e+09ns,1.61167,OLSR,20,25,10,7.5,16,3
2,10.1.1.19,10.1.1.9,256,87,33.9844,64.032,8004,+1.74196e+08ns,0.674015,OLSR,20,25,10,7.5,16,3
3,10.1.1.13,10.1.1.3,371,301,81.1321,221.536,27692,+5.46967e+09ns,2.24339,OLSR,20,25,10,7.5,16,3
4,10.1.1.17,10.1.1.7,279,101,36.2007,74.336,9292,+2.01406e+08ns,0.752763,OLSR,20,25,10,7.5,16,3
5,10.1.1.16,10.1.1.6,185,68,36.7568,50.048,6256,+4.71731e+08ns,0.738712,OLSR,20,25,10,7.5,16,3
