Flow_ID,Source,Dest,Sent_packets,Recv_packets,PDR_%,Recv_rate,Recv_bytes,Delay,Throughput_Kbps,Protocol,Num_Of_Nodes,Mob_Speed,Num_Of_Sinks,Trans_Power,Set_Run,Set_Seed
1,10.1.1.14,10.1.1.4,1,0,0,0,0,+0ns,-0,OLSR,20,25,10,7.5,12,3
2,10.1.1.17,10.1.1.7,262,100,38.1679,73.6,9200,+8.47693e+09ns,0.739692,OLSR,20,25,10,7.5,12,3
3,10.1.1.13,10.1.1.3,366,293,80.0546,215.648,26956,+5.44745e+09ns,2.17277,OLSR,20,25,10,7.5,12,3
4,10.1.1.19,10.1.1.9,280,88,31.4286,64.768,8096,+2.59132e+08ns,0.655873,OLSR,20,25,10,7.5,12,3
5,10.1.1.20,10.1.1.10,292,165,56.5068,121.44,15180,+2.40215e+09ns,1.77933,OLSR,20,25,10,7.5,12,3
6,10.1.1.16,10.1.1.6,199,70,35.1759,51.52,6440,+6.90486e+07ns,0.718045,OLSR,20,25,10,7.5,12,3
