Flow_ID,Source,Dest,Sent_packets,Recv_packets,PDR_%,Recv_rate,Recv_bytes,Delay,Throughput_Kbps,Protocol,Num_Of_Nodes,Mob_Speed,Num_Of_Sinks,Trans_Power,Set_Run,Set_Seed
1,10.1.1.20,10.1.1.10,296,167,56.4189,122.912,15364,+9.9614e+09ns,1.79433,OLSR,20,25,10,7.5,66,3
2,10.1.1.17,10.1.1.7,276,101,36.5942,74.336,9292,+1.89379e+08ns,0.752763,OLSR,20,25,10,7.5,66,3
3,10.1.1.19,10.1.1.9,246,119,48.374,87.584,10948,+8.46688e+09ns,0.88917,OLSR,20,25,10,7.5,66,3
4,10.1.1.13,10.1.1.3,371,299,80.593,220.064,27508,+5.45804e+09ns,2.22849,OLSR,20,25,10,7.5,66,3
5,10.1.1.16,10.1.1.6,190,73,38.4211,53.728,6716,+1.3439e+08ns,0.754074,OLSR,20,25,10,7.5,66,3
