Flow_ID,Source,Dest,Sent_packets,Recv_packets,PDR_%,Recv_rate,Recv_bytes,Delay,Throughput_Kbps,Protocol,Num_Of_Nodes,Mob_Speed,Num_Of_Sinks,Trans_Power,Set_Run,Set_Seed
1,10.1.1.13,10.1.1.3,375,303,80.8,223.008,27876,+5.61261e+09ns,2.24692,OLSR,20,25,10,7.5,22,3
2,10.1.1.17,10.1.1.7,279,105,37.6344,77.28,9660,+2.00433e+08ns,0.778633,OLSR,20,25,10,7.5,22,3
3,10.1.1.20,10.1.1.10,312,162,51.9231,119.232,14904,+2.28878e+09ns,1.74698,OLSR,20,25,10,7.5,22,3
4,10.1.1.19,10.1.1.9,265,94,35.4717,69.184,8648,+8.44505e+09ns,0.702369,OLSR,20,25,10,7.5,22,3
5,10.1.1.16,10.1.1.6,188,80,42.5532,58.88,7360,+8.7234e+07ns,0.826382,OLSR,20,25,10,7.5,22,3
