Flow_ID,Source,Dest,Sent_packets,Recv_packets,PDR_%,Recv_rate,Recv_bytes,Delay,Throughput_Kbps,Protocol,Num_Of_Nodes,Mob_Speed,Num_Of_Sinks,Trans_Power,Set_Run,Set_Seed
1,10.1.1.19,10.1.1.9,275,104,37.8182,76.544,9568,+1.52224e+08ns,0.771217,OLSR,20,25,10,7.5,72,3
2,10.1.1.20,10.1.1.10,273,145,53.1136,106.72,13340,+2.39107e+08ns,1.55228,OLSR,20,25,10,7.5,72,3
3,10.1.1.13,10.1.1.3,373,301,80.6971,221.536,27692,+5.45405e+09ns,2.23773,OLSR,20,25,10,7.5,72,3
4,10.1.1.17,10.1.1.7,256,92,35.9375,67.712,8464,+2.03583e+08ns,0.683953,OLSR,20,25,10,7.5,72,3
5,10.1.1.16,10.1.1.6,181,79,43.6464,58.144,7268,+1.84516e+08ns,0.810366,OLSR,20,25,10,7.5,72,3
