Flow_ID,Source,Dest,Sent_packets,Recv_packets,PDR_%,Recv_rate,Recv_bytes,Delay,Throughput_Kbps,Protocol,Num_Of_Nodes,Mob_Speed,Num_Of_Sinks,Trans_Power,Set_Run,Set_Seed
1,10.1.1.19,10.1.1.9,283,118,41.6961,86.848,10856,+8.48761e+09ns,0.877245,OLSR,20,25,10,7.5,52,3
2,10.1.1.13,10.1.1.3,373,299,80.1609,220.064,27508,+5.45768e+09ns,2.21726,OLSR,20,25,10,7.5,52,3
3,10.1.1.20,10.1.1.10,313,44,14.0575,32.384,4048,+5.37817e+09ns,0.511993,OLSR,20,25,10,7.5,52,3
4,10.1.1.17,10.1.1.7,259,91,35.1351,66.976,8372,+1.64118e+08ns,0.678232,OLSR,20,25,10,7.5,52,3
5,10.1.1.16,10.1.1.6,187,65,34.7594,47.84,5980,+5.32323e+07ns,0.669088,OLSR,20,25,10,7.5,52,3
