Flow_ID,Source,Dest,Sent_packets,Recv_packets,PDR_%,Recv_rate,Recv_bytes,Delay,Throughput_Kbps,Protocol,Num_Of_Nodes,Mob_Speed,Num_Of_Sinks,Trans_Power,Set_Run,Set_Seed
1,10.1.1.11,10.1.1.1,222,13,5.85586,9.568,1196,+5.27014e+07ns,0.347888,OLSR,80,25,10,7.5,33,3
2,10.1.1.19,10.1.1.9,327,102,31.1927,75.072,9384,+2.00848e+08ns,1.73571,OLSR,80,25,10,7.5,33,3
3,10.1.1.17,10.1.1.7,358,142,39.6648,104.512,13064,+2.5278e+09ns,1.88305,OLSR,80,25,10,7.5,33,3
4,10.1.1.20,10.1.1.10,254,51,20.0787,37.536,4692,+9.12086e+07ns,1.16386,OLSR,80,25,10,7.5,33,3
5,10.1.1.14,10.1.1.4,218,96,44.0367,70.656,8832,+1.32419e+08ns,0.711897,OLSR,80,25,10,7.5,33,3
6,10.1.1.16,10.1.1.6,397,216,54.4081,158.976,19872,+3.57314e+08ns,1.6222,OLSR,80,25,10,7.5,33,3
7,10.1.1.13,10.1.1.3,215,17,7.90698,12.512,1564,+8.6051e+07ns,1.78692,OLSR,80,25,10,7.5,33,3
8,10.1.1.15,10.1.1.5,397,329,82.8715,242.144,30268,+6.03893e+08ns,2.44589,OLSR,80,25,10,7.5,33,3
9,10.1.1.18,10.1.1.8,147,15,10.2041,11.04,1380,+7.68052e+07ns,0.111796,OLSR,80,25,10,7.5,33,3
