Flow_ID,Source,Dest,Sent_packets,Recv_packets,PDR_%,Recv_rate,Recv_bytes,Delay,Throughput_Kbps,Protocol,Num_Of_Nodes,Mob_Speed,Num_Of_Sinks,Trans_Power,Set_Run,Set_Seed
1,10.1.1.16,10.1.1.6,399,247,61.9048,181.792,22724,+2.81593e+09ns,1.85029,OLSR,80,25,10,7.5,19,3
2,10.1.1.14,10.1.1.4,216,84,38.8889,61.824,7728,+1.6119e+09ns,0.62291,OLSR,80,25,10,7.5,19,3
3,10.1.1.19,10.1.1.9,377,99,26.2599,72.864,9108,+1.20289e+09ns,1.69446,OLSR,80,25,10,7.5,19,3
4,10.1.1.15,10.1.1.5,397,333,83.8791,245.088,30636,+4.26903e+08ns,2.47563,OLSR,80,25,10,7.5,19,3
5,10.1.1.18,10.1.1.8,164,27,16.4634,19.872,2484,+1.34217e+08ns,0.200724,OLSR,80,25,10,7.5,19,3
6,10.1.1.13,10.1.1.3,293,8,2.73038,5.888,736,+9.47814e+07ns,0.0657577,OLSR,80,25,10,7.5,19,3
7,10.1.1.20,10.1.1.10,279,58,20.7885,42.688,5336,+8.46412e+07ns,1.33394,OLSR,80,25,10,7.5,19,3
8,10.1.1.11,10.1.1.1,311,21,6.75241,15.456,1932,+3.88321e+09ns,0.27348,OLSR,80,25,10,7.5,19,3
9,10.1.1.17,10.1.1.7,353,123,34.8442,90.528,11316,+1.52594e+08ns,1.65345,OLSR,80,25,10,7.5,19,3
