Flow_ID,Source,Dest,Sent_packets,Recv_packets,PDR_%,Recv_rate,Recv_bytes,Delay,Throughput_Kbps,Protocol,Num_Of_Nodes,Mob_Speed,Num_Of_Sinks,Trans_Power,Set_Run,Set_Seed
1,10.1.1.14,10.1.1.4,252,111,44.0476,81.696,10212,+2.57654e+08ns,0.821063,OLSR,80,25,10,7.5,36,3
2,10.1.1.20,10.1.1.10,300,60,20,44.16,5520,+1.72956e+08ns,1.35871,OLSR,80,25,10,7.5,36,3
3,10.1.1.16,10.1.1.6,398,250,62.8141,184,23000,+3.78047e+08ns,1.87754,OLSR,80,25,10,7.5,36,3
4,10.1.1.13,10.1.1.3,226,15,6.63717,11.04,1380,+6.90946e+09ns,0.700232,OLSR,80,25,10,7.5,36,3
5,10.1.1.18,10.1.1.8,122,14,11.4754,10.304,1288,+8.50668e+07ns,0.103817,OLSR,80,25,10,7.5,36,3
6,10.1.1.17,10.1.1.7,336,135,40.1786,99.36,12420,+2.31114e+08ns,1.81477,OLSR,80,25,10,7.5,36,3
7,10.1.1.11,10.1.1.1,253,16,6.32411,11.776,1472,+1.18698e+08ns,0.249207,OLSR,80,25,10,7.5,36,3
8,10.1.1.19,10.1.1.9,353,105,29.745,77.28,9660,+2.87176e+09ns,1.00012,OLSR,80,25,10,7.5,36,3
9,10.1.1.15,10.1.1.5,378,358,94.709,263.488,32936,+2.16266e+09ns,2.79562,OLSR,80,25,10,7.5,36,3
