Flow_ID,Source,Dest,Sent_packets,Recv_packets,PDR_%,Recv_rate,Recv_bytes,Delay,Throughput_Kbps,Protocol,Num_Of_Nodes,Mob_Speed,Num_Of_Sinks,Trans_Power,Set_Run,Set_Seed
1,10.1.1.15,10.1.1.5,399,345,86.4662,253.92,31740,+2.21335e+09ns,2.55195,OLSR,80,25,10,7.5,12,3
2,10.1.1.13,10.1.1.3,239,15,6.27615,11.04,1380,+1.07239e+09ns,1.00541,OLSR,80,25,10,7.5,12,3
3,10.1.1.19,10.1.1.9,358,93,25.9777,68.448,8556,+2.49006e+09ns,1.34207,OLSR,80,25,10,7.5,12,3
4,10.1.1.17,10.1.1.7,354,142,40.113,104.512,13064,+2.41187e+08ns,1.88305,OLSR,80,25,10,7.5,12,3
5,10.1.1.11,10.1.1.1,224,8,3.57143,5.888,736,+5.43917e+07ns,0.148106,OLSR,80,25,10,7.5,12,3
6,10.1.1.16,10.1.1.6,398,219,55.0251,161.184,20148,+5.88407e+09ns,1.64473,OLSR,80,25,10,7.5,12,3
7,10.1.1.14,10.1.1.4,208,88,42.3077,64.768,8096,+1.21249e+08ns,0.652572,OLSR,80,25,10,7.5,12,3
8,10.1.1.20,10.1.1.10,258,55,21.3178,40.48,5060,+9.26927e+07ns,1.74101,OLSR,80,25,10,7.5,12,3
9,10.1.1.18,10.1.1.8,147,10,6.80272,7.36,920,+5.1965e+07ns,0.0745306,OLSR,80,25,10,7.5,12,3
