Flow_ID,Source,Dest,Sent_packets,Recv_packets,PDR_%,Recv_rate,Recv_bytes,Delay,Throughput_Kbps,Protocol,Num_Of_Nodes,Mob_Speed,Num_Of_Sinks,Trans_Power,Set_Run,Set_Seed
1,10.1.1.11,10.1.1.1,315,10,3.1746,7.36,920,+8.15099e+07ns,0.146392,OLSR,80,25,10,7.5,39,3
2,10.1.1.14,10.1.1.4,319,109,34.1693,80.224,10028,+2.24457e+08ns,0.8083,OLSR,80,25,10,7.5,39,3
3,10.1.1.19,10.1.1.9,371,105,28.3019,77.28,9660,+2.63104e+08ns,1.79715,OLSR,80,25,10,7.5,39,3
4,10.1.1.18,10.1.1.8,157,13,8.28025,9.568,1196,+1.22418e+08ns,0.0981272,OLSR,80,25,10,7.5,39,3
5,10.1.1.20,10.1.1.10,257,69,26.8482,50.784,6348,+1.34604e+08ns,0.793469,OLSR,80,25,10,7.5,39,3
6,10.1.1.13,10.1.1.3,218,3,1.37615,2.208,276,+2.66892e+07ns,0.464648,OLSR,80,25,10,7.5,39,3
7,10.1.1.16,10.1.1.6,396,266,67.1717,195.776,24472,+6.14385e+09ns,2.00795,OLSR,80,25,10,7.5,39,3
8,10.1.1.17,10.1.1.7,355,133,37.4648,97.888,12236,+2.48836e+09ns,1.77974,OLSR,80,25,10,7.5,39,3
9,10.1.1.15,10.1.1.5,394,361,91.6244,265.696,33212,+4.15293e+08ns,2.70428,OLSR,80,25,10,7.5,39,3
