Flow_ID,Source,Dest,Sent_packets,Recv_packets,PDR_%,Recv_rate,Recv_bytes,Delay,Throughput_Kbps,Protocol,Num_Of_Nodes,Mob_Speed,Num_Of_Sinks,Trans_Power,Set_Run,Set_Seed
1,10.1.1.13,10.1.1.3,235,14,5.95745,10.304,1288,+1.06648e+10ns,0.502536,OLSR,80,25,10,7.5,35,3
2,10.1.1.15,10.1.1.5,380,327,86.0526,240.672,30084,+3.64069e+09ns,2.4249,OLSR,80,25,10,7.5,35,3
3,10.1.1.16,10.1.1.6,398,254,63.8191,186.944,23368,+3.81613e+08ns,1.90759,OLSR,80,25,10,7.5,35,3
4,10.1.1.20,10.1.1.10,302,66,21.8543,48.576,6072,+2.4284e+08ns,0.837223,OLSR,80,25,10,7.5,35,3
5,10.1.1.17,10.1.1.7,337,121,35.905,89.056,11132,+1.79418e+08ns,1.60457,OLSR,80,25,10,7.5,35,3
6,10.1.1.18,10.1.1.8,136,15,11.0294,11.04,1380,+1.0835e+08ns,0.111514,OLSR,80,25,10,7.5,35,3
7,10.1.1.11,10.1.1.1,271,7,2.58303,5.152,644,+3.67142e+07ns,0.26749,OLSR,80,25,10,7.5,35,3
8,10.1.1.19,10.1.1.9,391,115,29.4118,84.64,10580,+2.98593e+09ns,1.45879,OLSR,80,25,10,7.5,35,3
9,10.1.1.14,10.1.1.4,239,95,39.749,69.92,8740,+1.12208e+08ns,0.708048,OLSR,80,25,10,7.5,35,3
