Flow_ID,Source,Dest,Sent_packets,Recv_packets,PDR_%,Recv_rate,Recv_bytes,Delay,Throughput_Kbps,Protocol,Num_Of_Nodes,Mob_Speed,Num_Of_Sinks,Trans_Power,Set_Run,Set_Seed
1,10.1.1.18,10.1.1.8,162,7,4.32099,5.152,644,+7.59437e+07ns,0.052701,OLSR,80,25,10,7.5,25,3
2,10.1.1.13,10.1.1.3,132,12,9.09091,8.832,1104,+6.33231e+07ns,0.905611,OLSR,80,25,10,7.5,25,3
3,10.1.1.15,10.1.1.5,380,341,89.7368,250.976,31372,+4.15321e+08ns,2.52872,OLSR,80,25,10,7.5,25,3
4,10.1.1.20,10.1.1.10,200,72,36,52.992,6624,+1.18624e+08ns,1.64309,OLSR,80,25,10,7.5,25,3
5,10.1.1.16,10.1.1.6,397,257,64.7355,189.152,23644,+2.72518e+09ns,1.93505,OLSR,80,25,10,7.5,25,3
6,10.1.1.14,10.1.1.4,220,92,41.8182,67.712,8464,+4.70305e+09ns,0.683957,OLSR,80,25,10,7.5,25,3
7,10.1.1.17,10.1.1.7,350,142,40.5714,104.512,13064,+2.70066e+08ns,1.90019,OLSR,80,25,10,7.5,25,3
8,10.1.1.19,10.1.1.9,360,118,32.7778,86.848,10856,+4.42302e+08ns,2.04341,OLSR,80,25,10,7.5,25,3
9,10.1.1.11,10.1.1.1,235,7,2.97872,5.152,644,+2.67627e+07ns,0.412113,OLSR,80,25,10,7.5,25,3
