Flow_ID,Source,Dest,Sent_packets,Recv_packets,PDR_%,Recv_rate,Recv_bytes,Delay,Throughput_Kbps,Protocol,Num_Of_Nodes,Mob_Speed,Num_Of_Sinks,Trans_Power,Set_Run,Set_Seed
1,10.1.1.17,10.1.1.7,320,137,42.8125,100.832,12604,+2.98395e+08ns,1.8086,OLSR,80,25,10,7.5,40,3
2,10.1.1.18,10.1.1.8,142,17,11.9718,12.512,1564,+9.84417e+07ns,0.125747,OLSR,80,25,10,7.5,40,3
3,10.1.1.14,10.1.1.4,241,96,39.834,70.656,8832,+1.29955e+08ns,0.711897,OLSR,80,25,10,7.5,40,3
4,10.1.1.19,10.1.1.9,381,107,28.084,78.752,9844,+2.30463e+08ns,1.23042,OLSR,80,25,10,7.5,40,3
5,10.1.1.13,10.1.1.3,225,13,5.77778,9.568,1196,+8.30515e+07ns,1.27309,OLSR,80,25,10,7.5,40,3
6,10.1.1.16,10.1.1.6,398,234,58.794,172.224,21528,+3.23894e+08ns,1.75738,OLSR,80,25,10,7.5,40,3
7,10.1.1.15,10.1.1.5,383,332,86.6841,244.352,30544,+1.41855e+09ns,2.46819,OLSR,80,25,10,7.5,40,3
8,10.1.1.20,10.1.1.10,315,73,23.1746,53.728,6716,+1.26904e+08ns,1.67892,OLSR,80,25,10,7.5,40,3
9,10.1.1.11,10.1.1.1,287,15,5.22648,11.04,1380,+9.6871e+07ns,0.203491,OLSR,80,25,10,7.5,40,3
