Flow_ID,Source,Dest,Sent_packets,Recv_packets,PDR_%,Recv_rate,Recv_bytes,Delay,Throughput_Kbps,Protocol,Num_Of_Nodes,Mob_Speed,Num_Of_Sinks,Trans_Power,Set_Run,Set_Seed
1,10.1.1.20,10.1.1.10,295,58,19.661,42.688,5336,+1.21598e+08ns,0.463872,OLSR,80,25,10,7.5,13,3
2,10.1.1.19,10.1.1.9,399,114,28.5714,83.904,10488,+2.52583e+08ns,1.20264,OLSR,80,25,10,7.5,13,3
3,10.1.1.18,10.1.1.8,164,26,15.8537,19.136,2392,+9.31478e+08ns,0.195247,OLSR,80,25,10,7.5,13,3
4,10.1.1.13,10.1.1.3,266,4,1.50376,2.944,368,+6.66747e+07ns,0.0313988,OLSR,80,25,10,7.5,13,3
5,10.1.1.16,10.1.1.6,396,207,52.2727,152.352,19044,+8.56077e+09ns,1.55858,OLSR,80,25,10,7.5,13,3
6,10.1.1.14,10.1.1.4,199,96,48.2412,70.656,8832,+1.58595e+08ns,0.715501,OLSR,80,25,10,7.5,13,3
7,10.1.1.17,10.1.1.7,371,131,35.31,96.416,12052,+2.49539e+09ns,1.76099,OLSR,80,25,10,7.5,13,3
8,10.1.1.11,10.1.1.1,257,8,3.11284,5.888,736,+6.50812e+07ns,0.273821,OLSR,80,25,10,7.5,13,3
9,10.1.1.15,10.1.1.5,394,321,81.4721,236.256,29532,+4.89992e+09ns,2.40463,OLSR,80,25,10,7.5,13,3
