Flow_ID,Source,Dest,Sent_packets,Recv_packets,PDR_%,Recv_rate,Recv_bytes,Delay,Throughput_Kbps,Protocol,Num_Of_Nodes,Mob_Speed,Num_Of_Sinks,Trans_Power,Set_Run,Set_Seed
1,10.1.1.11,10.1.1.1,235,1,0.425532,0.736,92,+1.96698e+07ns,0.0229859,OLSR,80,25,10,7.5,32,3
2,10.1.1.14,10.1.1.4,198,97,48.9899,71.392,8924,+1.63119e+08ns,0.717505,OLSR,80,25,10,7.5,32,3
3,10.1.1.15,10.1.1.5,377,353,93.634,259.808,32476,+3.86188e+08ns,2.61113,OLSR,80,25,10,7.5,32,3
4,10.1.1.16,10.1.1.6,398,261,65.5779,192.096,24012,+8.7059e+09ns,1.96016,OLSR,80,25,10,7.5,32,3
5,10.1.1.18,10.1.1.8,138,15,10.8696,11.04,1380,+1.54638e+08ns,0.113221,OLSR,80,25,10,7.5,32,3
6,10.1.1.13,10.1.1.3,333,12,3.6036,8.832,1104,+1.05676e+08ns,0.0934569,OLSR,80,25,10,7.5,32,3
7,10.1.1.20,10.1.1.10,337,67,19.8813,49.312,6164,+1.74271e+08ns,0.85385,OLSR,80,25,10,7.5,32,3
8,10.1.1.19,10.1.1.9,333,99,29.7297,72.864,9108,+1.98093e+08ns,1.70436,OLSR,80,25,10,7.5,32,3
9,10.1.1.17,10.1.1.7,333,123,36.9369,90.528,11316,+4.00312e+09ns,1.7926,OLSR,80,25,10,7.5,32,3
