Flow_ID,Source,Dest,Sent_packets,Recv_packets,PDR_%,Recv_rate,Recv_bytes,Delay,Throughput_Kbps,Protocol,Num_Of_Nodes,Mob_Speed,Num_Of_Sinks,Trans_Power,Set_Run,Set_Seed
1,10.1.1.17,10.1.1.7,342,136,39.7661,100.096,12512,+2.04591e+08ns,1.8035,OLSR,80,25,10,7.5,38,3
2,10.1.1.20,10.1.1.10,214,51,23.8318,37.536,4692,+5.56285e+09ns,1.5804,OLSR,80,25,10,7.5,38,3
3,10.1.1.19,10.1.1.9,367,112,30.5177,82.432,10304,+2.40758e+08ns,1.79158,OLSR,80,25,10,7.5,38,3
4,10.1.1.14,10.1.1.4,247,95,38.4615,69.92,8740,+1.14149e+09ns,0.704481,OLSR,80,25,10,7.5,38,3
5,10.1.1.13,10.1.1.3,158,21,13.2911,15.456,1932,+1.32961e+08ns,0.87034,OLSR,80,25,10,7.5,38,3
6,10.1.1.15,10.1.1.5,397,335,84.3829,246.56,30820,+2.39996e+09ns,2.4905,OLSR,80,25,10,7.5,38,3
7,10.1.1.11,10.1.1.1,260,13,5,9.568,1196,+6.31359e+07ns,0.35433,OLSR,80,25,10,7.5,38,3
8,10.1.1.18,10.1.1.8,182,13,7.14286,9.568,1196,+6.83191e+07ns,0.0999254,OLSR,80,25,10,7.5,38,3
9,10.1.1.16,10.1.1.6,396,252,63.6364,185.472,23184,+4.65118e+08ns,1.90227,OLSR,80,25,10,7.5,38,3
