Flow_ID,Source,Dest,Sent_packets,Recv_packets,PDR_%,Recv_rate,Recv_bytes,Delay,Throughput_Kbps,Protocol,Num_Of_Nodes,Mob_Speed,Num_Of_Sinks,Trans_Power,Set_Run,Set_Seed
1,10.1.1.16,10.1.1.6,399,234,58.6466,172.224,21528,+3.87165e+08ns,1.75291,OLSR,80,25,10,7.5,31,3
2,10.1.1.13,10.1.1.3,276,30,10.8696,22.08,2760,+2.43761e+08ns,0.231172,OLSR,80,25,10,7.5,31,3
3,10.1.1.19,10.1.1.9,360,121,33.6111,89.056,11132,+2.52768e+08ns,0.992187,OLSR,80,25,10,7.5,31,3
4,10.1.1.11,10.1.1.1,219,13,5.93607,9.568,1196,+5.27251e+07ns,0.496974,OLSR,80,25,10,7.5,31,3
5,10.1.1.20,10.1.1.10,312,60,19.2308,44.16,5520,+1.25091e+08ns,1.13955,OLSR,80,25,10,7.5,31,3
6,10.1.1.18,10.1.1.8,117,10,8.54701,7.36,920,+2.36013e+09ns,0.0745306,OLSR,80,25,10,7.5,31,3
7,10.1.1.17,10.1.1.7,341,136,39.8827,100.096,12512,+2.50696e+09ns,1.15015,OLSR,80,25,10,7.5,31,3
8,10.1.1.15,10.1.1.5,396,350,88.3838,257.6,32200,+4.17487e+08ns,2.6086,OLSR,80,25,10,7.5,31,3
9,10.1.1.14,10.1.1.4,194,105,54.1237,77.28,9660,+2.44167e+09ns,0.78258,OLSR,80,25,10,7.5,31,3
