Flow_ID,Source,Dest,Sent_packets,Recv_packets,PDR_%,Recv_rate,Recv_bytes,Delay,Throughput_Kbps,Protocol,Num_Of_Nodes,Mob_Speed,Num_Of_Sinks,Trans_Power,Set_Run,Set_Seed
1,10.1.1.11,10.1.1.1,318,3,0.943396,2.208,276,+6.32278e+07ns,0.0580696,OLSR,80,25,10,7.5,43,3
2,10.1.1.16,10.1.1.6,398,222,55.7789,163.392,20424,+3.11176e+08ns,1.66302,OLSR,80,25,10,7.5,43,3
3,10.1.1.15,10.1.1.5,394,312,79.1878,229.632,28704,+3.26413e+08ns,2.31366,OLSR,80,25,10,7.5,43,3
4,10.1.1.13,10.1.1.3,212,3,1.41509,2.208,276,+5.24346e+07ns,0.0235483,OLSR,80,25,10,7.5,43,3
5,10.1.1.14,10.1.1.4,253,99,39.1304,72.864,9108,+1.82524e+08ns,0.735998,OLSR,80,25,10,7.5,43,3
6,10.1.1.18,10.1.1.8,112,6,5.35714,4.416,552,+6.16579e+07ns,0.0452894,OLSR,80,25,10,7.5,43,3
7,10.1.1.19,10.1.1.9,378,109,28.836,80.224,10028,+2.4962e+09ns,1.61968,OLSR,80,25,10,7.5,43,3
8,10.1.1.20,10.1.1.10,250,55,22,40.48,5060,+8.78161e+07ns,1.75993,OLSR,80,25,10,7.5,43,3
9,10.1.1.17,10.1.1.7,319,137,42.9467,100.832,12604,+2.35648e+08ns,1.83326,OLSR,80,25,10,7.5,43,3
