Flow_ID,Source,Dest,Sent_packets,Recv_packets,PDR_%,Recv_rate,Recv_bytes,Delay,Throughput_Kbps,Protocol,Num_Of_Nodes,Mob_Speed,Num_Of_Sinks,Trans_Power,Set_Run,Set_Seed
1,10.1.1.16,10.1.1.6,399,128,32.0802,94.208,11776,+2.79578e+08ns,1.07039,OLSR,80,25,10,7.5,18,3
2,10.1.1.13,10.1.1.3,217,10,4.60829,7.36,920,+8.80829e+08ns,0.0754842,OLSR,80,25,10,7.5,18,3
3,10.1.1.20,10.1.1.10,238,68,28.5714,50.048,6256,+1.58648e+08ns,0.862859,OLSR,80,25,10,7.5,18,3
4,10.1.1.14,10.1.1.4,202,91,45.0495,66.976,8372,+1.16741e+09ns,0.674819,OLSR,80,25,10,7.5,18,3
5,10.1.1.19,10.1.1.9,341,106,31.085,78.016,9752,+1.25154e+09ns,1.81427,OLSR,80,25,10,7.5,18,3
6,10.1.1.18,10.1.1.8,142,30,21.1268,22.08,2760,+1.6964e+08ns,0.222465,OLSR,80,25,10,7.5,18,3
7,10.1.1.11,10.1.1.1,254,8,3.14961,5.888,736,+2.35125e+09ns,0.148997,OLSR,80,25,10,7.5,18,3
8,10.1.1.17,10.1.1.7,341,145,42.522,106.72,13340,+1.22732e+09ns,1.93153,OLSR,80,25,10,7.5,18,3
9,10.1.1.15,10.1.1.5,397,334,84.131,245.824,30728,+3.3365e+09ns,2.48306,OLSR,80,25,10,7.5,18,3
