Flow_ID,Source,Dest,Sent_packets,Recv_packets,PDR_%,Recv_rate,Recv_bytes,Delay,Throughput_Kbps,Protocol,Num_Of_Nodes,Mob_Speed,Num_Of_Sinks,Trans_Power,Set_Run,Set_Seed
1,10.1.1.18,10.1.1.8,140,12,8.57143,8.832,1104,+1.07983e+08ns,0.0887625,OLSR,80,25,10,7.5,17,3
2,10.1.1.16,10.1.1.6,399,232,58.1454,170.752,21344,+3.84421e+08ns,1.73352,OLSR,80,25,10,7.5,17,3
3,10.1.1.13,10.1.1.3,176,0,0,0,0,+0ns,-0,OLSR,80,25,10,7.5,17,3
4,10.1.1.20,10.1.1.10,199,56,28.1407,41.216,5152,+2.36499e+09ns,1.29752,OLSR,80,25,10,7.5,17,3
5,10.1.1.11,10.1.1.1,316,23,7.27848,16.928,2116,+1.24187e+08ns,0.588748,OLSR,80,25,10,7.5,17,3
6,10.1.1.14,10.1.1.4,236,98,41.5254,72.128,9016,+1.59635e+08ns,0.726728,OLSR,80,25,10,7.5,17,3
7,10.1.1.17,10.1.1.7,335,140,41.791,103.04,12880,+2.82933e+08ns,1.86493,OLSR,80,25,10,7.5,17,3
8,10.1.1.19,10.1.1.9,372,109,29.3011,80.224,10028,+2.13236e+08ns,1.15407,OLSR,80,25,10,7.5,17,3
9,10.1.1.15,10.1.1.5,395,337,85.3165,248.032,31004,+3.41237e+08ns,2.51808,OLSR,80,25,10,7.5,17,3
