Flow_ID,Source,Dest,Sent_packets,Recv_packets,PDR_%,Recv_rate,Recv_bytes,Delay,Throughput_Kbps,Protocol,Num_Of_Nodes,Mob_Speed,Num_Of_Sinks,Trans_Power,Set_Run,Set_Seed
1,10.1.1.14,10.1.1.4,201,97,48.2587,71.392,8924,+1.93726e+09ns,0.717505,OLSR,80,25,10,7.5,42,3
2,10.1.1.13,10.1.1.3,264,37,14.0152,27.232,3404,+2.06788e+08ns,0.285108,OLSR,80,25,10,7.5,42,3
3,10.1.1.15,10.1.1.5,398,349,87.6884,256.864,32108,+1.96107e+09ns,2.58804,OLSR,80,25,10,7.5,42,3
4,10.1.1.17,10.1.1.7,357,148,41.4566,108.928,13616,+3.01143e+08ns,1.88592,OLSR,80,25,10,7.5,42,3
5,10.1.1.16,10.1.1.6,396,220,55.5556,161.92,20240,+2.86013e+08ns,1.65646,OLSR,80,25,10,7.5,42,3
6,10.1.1.19,10.1.1.9,373,111,29.7587,81.696,10212,+2.62097e+08ns,1.72833,OLSR,80,25,10,7.5,42,3
7,10.1.1.18,10.1.1.8,178,14,7.86517,10.304,1288,+1.16357e+08ns,0.105943,OLSR,80,25,10,7.5,42,3
8,10.1.1.20,10.1.1.10,284,48,16.9014,35.328,4416,+1.08718e+09ns,1.35841,OLSR,80,25,10,7.5,42,3
9,10.1.1.11,10.1.1.1,246,17,6.91057,12.512,1564,+1.08989e+08ns,0.459104,OLSR,80,25,10,7.5,42,3
