Flow_ID,Source,Dest,Sent_packets,Recv_packets,PDR_%,Recv_rate,Recv_bytes,Delay,Throughput_Kbps,Protocol,Num_Of_Nodes,Mob_Speed,Num_Of_Sinks,Trans_Power,Set_Run,Set_Seed
1,10.1.1.17,10.1.1.7,342,133,38.8889,97.888,12236,+1.83373e+08ns,1.74796,OLSR,80,25,10,7.5,20,3
2,10.1.1.14,10.1.1.4,304,104,34.2105,76.544,9568,+2.46318e+09ns,0.771222,OLSR,80,25,10,7.5,20,3
3,10.1.1.11,10.1.1.1,266,16,6.01504,11.776,1472,+2.90099e+09ns,0.206553,OLSR,80,25,10,7.5,20,3
4,10.1.1.20,10.1.1.10,314,60,19.1083,44.16,5520,+9.18334e+07ns,1.36924,OLSR,80,25,10,7.5,20,3
5,10.1.1.16,10.1.1.6,397,229,57.6826,168.544,21068,+3.44291e+08ns,1.72423,OLSR,80,25,10,7.5,20,3
6,10.1.1.13,10.1.1.3,265,6,2.26415,4.416,552,+2.14036e+07ns,0.929171,OLSR,80,25,10,7.5,20,3
7,10.1.1.18,10.1.1.8,218,23,10.5505,16.928,2116,+1.26248e+08ns,0.170987,OLSR,80,25,10,7.5,20,3
8,10.1.1.15,10.1.1.5,396,335,84.596,246.56,30820,+3.92033e+08ns,2.4968,OLSR,80,25,10,7.5,20,3
9,10.1.1.19,10.1.1.9,359,104,28.9694,76.544,9568,+2.52511e+09ns,1.80097,OLSR,80,25,10,7.5,20,3
