Flow_ID,Source,Dest,Sent_packets,Recv_packets,PDR_%,Recv_rate,Recv_bytes,Delay,Throughput_Kbps,Protocol,Num_Of_Nodes,Mob_Speed,Num_Of_Sinks,Trans_Power,Set_Run,Set_Seed
1,10.1.1.11,10.1.1.1,240,2,0.833333,1.472,184,+5.39677e+07ns,0.0163504,OLSR,80,25,10,7.5,27,3
2,10.1.1.13,10.1.1.3,292,7,2.39726,5.152,644,+5.75526e+07ns,0.527383,OLSR,80,25,10,7.5,27,3
3,10.1.1.17,10.1.1.7,357,130,36.4146,95.68,11960,+2.48794e+09ns,1.72392,OLSR,80,25,10,7.5,27,3
4,10.1.1.18,10.1.1.8,142,4,2.8169,2.944,368,+4.31802e+07ns,0.0306662,OLSR,80,25,10,7.5,27,3
5,10.1.1.19,10.1.1.9,391,115,29.4118,84.64,10580,+2.02199e+08ns,1.84989,OLSR,80,25,10,7.5,27,3
6,10.1.1.15,10.1.1.5,397,327,82.3678,240.672,30084,+4.93947e+08ns,2.43102,OLSR,80,25,10,7.5,27,3
7,10.1.1.14,10.1.1.4,198,95,47.9798,69.92,8740,+1.62075e+08ns,0.70626,OLSR,80,25,10,7.5,27,3
8,10.1.1.16,10.1.1.6,396,252,63.6364,185.472,23184,+3.24734e+08ns,1.89741,OLSR,80,25,10,7.5,27,3
9,10.1.1.20,10.1.1.10,295,59,20,43.424,5428,+1.53437e+08ns,0.751898,OLSR,80,25,10,7.5,27,3
