Flow_ID,Source,Dest,Sent_packets,Recv_packets,PDR_%,Recv_rate,Recv_bytes,Delay,Throughput_Kbps,Protocol,Num_Of_Nodes,Mob_Speed,Num_Of_Sinks,Trans_Power,Set_Run,Set_Seed
1,10.1.1.20,10.1.1.10,196,70,35.7143,51.52,6440,+1.39846e+08ns,1.57306,OLSR,80,25,10,7.5,34,3
2,10.1.1.18,10.1.1.8,148,10,6.75676,7.36,920,+8.39508e+07ns,0.0764664,OLSR,80,25,10,7.5,34,3
3,10.1.1.16,10.1.1.6,399,245,61.4035,180.32,22540,+3.99099e+08ns,1.83531,OLSR,80,25,10,7.5,34,3
4,10.1.1.14,10.1.1.4,205,97,47.3171,71.392,8924,+1.36404e+08ns,0.719312,OLSR,80,25,10,7.5,34,3
5,10.1.1.17,10.1.1.7,295,137,46.4407,100.832,12604,+2.45867e+08ns,1.82497,OLSR,80,25,10,7.5,34,3
6,10.1.1.13,10.1.1.3,183,14,7.65027,10.304,1288,+2.74756e+09ns,0.274516,OLSR,80,25,10,7.5,34,3
7,10.1.1.19,10.1.1.9,375,118,31.4667,86.848,10856,+5.35834e+08ns,0.967199,OLSR,80,25,10,7.5,34,3
8,10.1.1.11,10.1.1.1,330,21,6.36364,15.456,1932,+1.3941e+08ns,0.315409,OLSR,80,25,10,7.5,34,3
9,10.1.1.15,10.1.1.5,393,336,85.4962,247.296,30912,+6.35417e+09ns,2.52342,OLSR,80,25,10,7.5,34,3
