Flow_ID,Source,Dest,Sent_packets,Recv_packets,PDR_%,Recv_rate,Recv_bytes,Delay,Throughput_Kbps,Protocol,Num_Of_Nodes,Mob_Speed,Num_Of_Sinks,Trans_Power,Set_Run,Set_Seed
1,10.1.1.19,10.1.1.9,373,119,31.9035,87.584,10948,+1.32343e+09ns,1.15574,OLSR,80,25,10,7.5,21,3
2,10.1.1.20,10.1.1.10,239,69,28.8703,50.784,6348,+2.39809e+09ns,0.875548,OLSR,80,25,10,7.5,21,3
3,10.1.1.13,10.1.1.3,217,8,3.68664,5.888,736,+4.90802e+07ns,0.654038,OLSR,80,25,10,7.5,21,3
4,10.1.1.11,10.1.1.1,254,7,2.75591,5.152,644,+4.72505e+07ns,0.239288,OLSR,80,25,10,7.5,21,3
5,10.1.1.16,10.1.1.6,397,236,59.4458,173.696,21712,+3.6217e+08ns,1.77694,OLSR,80,25,10,7.5,21,3
6,10.1.1.18,10.1.1.8,180,14,7.77778,10.304,1288,+9.46774e+07ns,0.104079,OLSR,80,25,10,7.5,21,3
7,10.1.1.14,10.1.1.4,236,97,41.1017,71.392,8924,+1.62342e+08ns,0.721129,OLSR,80,25,10,7.5,21,3
8,10.1.1.17,10.1.1.7,356,132,37.0787,97.152,12144,+1.97537e+08ns,1.76635,OLSR,80,25,10,7.5,21,3
9,10.1.1.15,10.1.1.5,393,345,87.7863,253.92,31740,+5.42738e+09ns,2.59101,OLSR,80,25,10,7.5,21,3
