Flow_ID,Source,Dest,Sent_packets,Recv_packets,PDR_%,Recv_rate,Recv_bytes,Delay,Throughput_Kbps,Protocol,Num_Of_Nodes,Mob_Speed,Num_Of_Sinks,Trans_Power,Set_Run,Set_Seed
1,10.1.1.11,10.1.1.1,312,16,5.12821,11.776,1472,+6.22278e+07ns,0.406033,OLSR,80,25,10,7.5,49,3
2,10.1.1.18,10.1.1.8,227,18,7.92952,13.248,1656,+1.90909e+09ns,0.133479,OLSR,80,25,10,7.5,49,3
3,10.1.1.14,10.1.1.4,246,105,42.6829,77.28,9660,+1.15131e+09ns,0.778637,OLSR,80,25,10,7.5,49,3
4,10.1.1.19,10.1.1.9,357,115,32.2129,84.64,10580,+2.55547e+08ns,1.65145,OLSR,80,25,10,7.5,49,3
5,10.1.1.17,10.1.1.7,352,126,35.7955,92.736,11592,+1.96526e+08ns,1.68607,OLSR,80,25,10,7.5,49,3
6,10.1.1.13,10.1.1.3,222,8,3.6036,5.888,736,+5.40762e+07ns,0.636121,OLSR,80,25,10,7.5,49,3
7,10.1.1.15,10.1.1.5,397,350,88.1612,257.6,32200,+6.22205e+09ns,2.60201,OLSR,80,25,10,7.5,49,3
8,10.1.1.16,10.1.1.6,397,216,54.4081,158.976,19872,+5.56678e+09ns,1.62635,OLSR,80,25,10,7.5,49,3
9,10.1.1.20,10.1.1.10,288,68,23.6111,50.048,6256,+1.7468e+08ns,0.781953,OLSR,80,25,10,7.5,49,3
