Flow_ID,Source,Dest,Sent_packets,Recv_packets,PDR_%,Recv_rate,Recv_bytes,Delay,Throughput_Kbps,Protocol,Num_Of_Nodes,Mob_Speed,Num_Of_Sinks,Trans_Power,Set_Run,Set_Seed
1,10.1.1.17,10.1.1.7,361,151,41.8283,111.136,13892,+2.63422e+09ns,1.98452,OLSR,80,25,10,7.5,16,3
2,10.1.1.13,10.1.1.3,281,10,3.55872,7.36,920,+8.57212e+07ns,0.0750894,OLSR,80,25,10,7.5,16,3
3,10.1.1.14,10.1.1.4,242,103,42.562,75.808,9476,+4.34911e+08ns,0.763806,OLSR,80,25,10,7.5,16,3
4,10.1.1.11,10.1.1.1,300,5,1.66667,3.68,460,+2.31166e+09ns,0.18851,OLSR,80,25,10,7.5,16,3
5,10.1.1.16,10.1.1.6,398,231,58.0402,170.016,21252,+3.68413e+08ns,1.73485,OLSR,80,25,10,7.5,16,3
6,10.1.1.19,10.1.1.9,353,109,30.8782,80.224,10028,+2.27776e+08ns,1.58071,OLSR,80,25,10,7.5,16,3
7,10.1.1.18,10.1.1.8,157,10,6.36943,7.36,920,+1.06278e+08ns,0.075477,OLSR,80,25,10,7.5,16,3
8,10.1.1.15,10.1.1.5,396,322,81.3131,236.992,29624,+4.24401e+08ns,2.39991,OLSR,80,25,10,7.5,16,3
9,10.1.1.20,10.1.1.10,295,54,18.3051,39.744,4968,+2.42908e+09ns,0.690823,OLSR,80,25,10,7.5,16,3
