Flow_ID,Source,Dest,Sent_packets,Recv_packets,PDR_%,Recv_rate,Recv_bytes,Delay,Throughput_Kbps,Protocol,Num_Of_Nodes,Mob_Speed,Num_Of_Sinks,Trans_Power,Set_Run,Set_Seed
1,10.1.1.13,10.1.1.3,246,8,3.25203,5.888,736,+7.60828e+08ns,0.67629,OLSR,80,25,10,7.5,24,3
2,10.1.1.11,10.1.1.1,274,6,2.18978,4.416,552,+2.18535e+07ns,0.333247,OLSR,80,25,10,7.5,24,3
3,10.1.1.15,10.1.1.5,398,310,77.8894,228.16,28520,+3.35198e+08ns,2.29883,OLSR,80,25,10,7.5,24,3
4,10.1.1.20,10.1.1.10,259,65,25.0965,47.84,5980,+1.34619e+08ns,1.48334,OLSR,80,25,10,7.5,24,3
5,10.1.1.14,10.1.1.4,252,102,40.4762,75.072,9384,+2.9333e+08ns,0.7583,OLSR,80,25,10,7.5,24,3
6,10.1.1.19,10.1.1.9,355,101,28.4507,74.336,9292,+1.83186e+08ns,1.72869,OLSR,80,25,10,7.5,24,3
7,10.1.1.16,10.1.1.6,397,224,56.4232,164.864,20608,+8.3354e+09ns,1.68658,OLSR,80,25,10,7.5,24,3
8,10.1.1.17,10.1.1.7,322,119,36.9565,87.584,10948,+5.70513e+09ns,1.59968,OLSR,80,25,10,7.5,24,3
9,10.1.1.18,10.1.1.8,192,7,3.64583,5.152,644,+7.81673e+07ns,0.053806,OLSR,80,25,10,7.5,24,3
