Flow_ID,Source,Dest,Sent_packets,Recv_packets,PDR_%,Recv_rate,Recv_bytes,Delay,Throughput_Kbps,Protocol,Num_Of_Nodes,Mob_Speed,Num_Of_Sinks,Trans_Power,Set_Run,Set_Seed
1,10.1.1.17,10.1.1.7,339,126,37.1681,92.736,11592,+1.7395e+08ns,1.67088,OLSR,80,25,10,7.5,48,3
2,10.1.1.20,10.1.1.10,301,52,17.2757,38.272,4784,+1.11466e+08ns,1.17755,OLSR,80,25,10,7.5,48,3
3,10.1.1.18,10.1.1.8,182,10,5.49451,7.36,920,+9.57136e+07ns,0.0752813,OLSR,80,25,10,7.5,48,3
4,10.1.1.11,10.1.1.1,276,12,4.34783,8.832,1104,+1.87078e+09ns,0.375551,OLSR,80,25,10,7.5,48,3
5,10.1.1.15,10.1.1.5,398,332,83.4171,244.352,30544,+6.97762e+09ns,2.46198,OLSR,80,25,10,7.5,48,3
6,10.1.1.14,10.1.1.4,219,90,41.0959,66.24,8280,+1.13293e+09ns,0.669089,OLSR,80,25,10,7.5,48,3
7,10.1.1.19,10.1.1.9,333,115,34.5345,84.64,10580,+2.56807e+09ns,0.945253,OLSR,80,25,10,7.5,48,3
8,10.1.1.16,10.1.1.6,396,251,63.3838,184.736,23092,+3.97407e+08ns,1.89472,OLSR,80,25,10,7.5,48,3
9,10.1.1.13,10.1.1.3,235,0,0,0,0,+0ns,-0,OLSR,80,25,10,7.5,48,3
