Flow_ID,Source,Dest,Sent_packets,Recv_packets,PDR_%,Recv_rate,Recv_bytes,Delay,Throughput_Kbps,Protocol,Num_Of_Nodes,Mob_Speed,Num_Of_Sinks,Trans_Power,Set_Run,Set_Seed
1,10.1.1.19,10.1.1.9,361,102,28.2548,75.072,9384,+1.71466e+08ns,1.73571,OLSR,80,25,10,7.5,11,3
2,10.1.1.13,10.1.1.3,286,12,4.1958,8.832,1104,+1.3196e+08ns,0.0981052,OLSR,80,25,10,7.5,11,3
3,10.1.1.20,10.1.1.10,323,66,20.4334,48.576,6072,+1.36096e+08ns,1.54129,OLSR,80,25,10,7.5,11,3
4,10.1.1.17,10.1.1.7,358,139,38.8268,102.304,12788,+2.19193e+08ns,1.85163,OLSR,80,25,10,7.5,11,3
5,10.1.1.14,10.1.1.4,316,101,31.962,74.336,9292,+2.47939e+09ns,0.750866,OLSR,80,25,10,7.5,11,3
6,10.1.1.18,10.1.1.8,216,9,4.16667,6.624,828,+8.43557e+07ns,0.0679325,OLSR,80,25,10,7.5,11,3
7,10.1.1.16,10.1.1.6,396,246,62.1212,181.056,22632,+4.20865e+08ns,1.85698,OLSR,80,25,10,7.5,11,3
8,10.1.1.11,10.1.1.1,338,26,7.69231,19.136,2392,+1.30445e+08ns,0.349496,OLSR,80,25,10,7.5,11,3
9,10.1.1.15,10.1.1.5,394,337,85.533,248.032,31004,+2.40928e+09ns,2.52449,OLSR,80,25,10,7.5,11,3
