Flow_ID,Source,Dest,Sent_packets,Recv_packets,PDR_%,Recv_rate,Recv_bytes,Delay,Throughput_Kbps,Protocol,Num_Of_Nodes,Mob_Speed,Num_Of_Sinks,Trans_Power,Set_Run,Set_Seed
1,10.1.1.15,10.1.1.5,379,333,87.8628,245.088,30636,+2.68492e+09ns,2.46319,OLSR,80,25,10,7.5,47,3
2,10.1.1.16,10.1.1.6,398,253,63.5678,186.208,23276,+1.36531e+09ns,1.90008,OLSR,80,25,10,7.5,47,3
3,10.1.1.19,10.1.1.9,313,101,32.2684,74.336,9292,+2.44713e+09ns,1.61581,OLSR,80,25,10,7.5,47,3
4,10.1.1.20,10.1.1.10,257,60,23.3463,44.16,5520,+1.11298e+08ns,1.36924,OLSR,80,25,10,7.5,47,3
5,10.1.1.18,10.1.1.8,165,14,8.48485,10.304,1288,+1.04189e+08ns,0.104079,OLSR,80,25,10,7.5,47,3
6,10.1.1.14,10.1.1.4,211,100,47.3934,73.6,9200,+1.58446e+08ns,0.743432,OLSR,80,25,10,7.5,47,3
7,10.1.1.13,10.1.1.3,258,32,12.4031,23.552,2944,+2.7571e+08ns,0.249174,OLSR,80,25,10,7.5,47,3
8,10.1.1.11,10.1.1.1,195,16,8.20513,11.776,1472,+1.49225e+08ns,0.436091,OLSR,80,25,10,7.5,47,3
9,10.1.1.17,10.1.1.7,354,134,37.8531,98.624,12328,+2.31332e+08ns,1.79312,OLSR,80,25,10,7.5,47,3
