Flow_ID,Source,Dest,Sent_packets,Recv_packets,PDR_%,Recv_rate,Recv_bytes,Delay,Throughput_Kbps,Protocol,Num_Of_Nodes,Mob_Speed,Num_Of_Sinks,Trans_Power,Set_Run,Set_Seed
1,10.1.1.13,10.1.1.3,246,19,7.72358,13.984,1748,+1.75501e+08ns,0.147197,OLSR,80,25,10,7.5,14,3
2,10.1.1.14,10.1.1.4,221,86,38.914,63.296,7912,+3.42201e+09ns,0.636139,OLSR,80,25,10,7.5,14,3
3,10.1.1.16,10.1.1.6,399,244,61.1529,179.584,22448,+2.66732e+09ns,1.82782,OLSR,80,25,10,7.5,14,3
4,10.1.1.20,10.1.1.10,295,63,21.3559,46.368,5796,+2.10734e+08ns,0.528111,OLSR,80,25,10,7.5,14,3
5,10.1.1.15,10.1.1.5,398,336,84.4221,247.296,30912,+4.20799e+08ns,2.49164,OLSR,80,25,10,7.5,14,3
6,10.1.1.11,10.1.1.1,273,15,5.49451,11.04,1380,+1.03847e+08ns,0.408851,OLSR,80,25,10,7.5,14,3
7,10.1.1.18,10.1.1.8,155,15,9.67742,11.04,1380,+9.91078e+07ns,0.111796,OLSR,80,25,10,7.5,14,3
8,10.1.1.19,10.1.1.9,370,127,34.3243,93.472,11684,+2.87211e+08ns,1.35462,OLSR,80,25,10,7.5,14,3
9,10.1.1.17,10.1.1.7,338,129,38.1657,94.944,11868,+1.25341e+09ns,1.73406,OLSR,80,25,10,7.5,14,3
