Flow_ID,Source,Dest,Sent_packets,Recv_packets,PDR_%,Recv_rate,Recv_bytes,Delay,Throughput_Kbps,Protocol,Num_Of_Nodes,Mob_Speed,Num_Of_Sinks,Trans_Power,Set_Run,Set_Seed
1,10.1.1.14,10.1.1.4,264,96,36.3636,70.656,8832,+2.15069e+08ns,0.710108,OLSR,80,25,10,7.5,10,3
2,10.1.1.11,10.1.1.1,277,7,2.52708,5.152,644,+2.69796e+07ns,0.388788,OLSR,80,25,10,7.5,10,3
3,10.1.1.20,10.1.1.10,297,74,24.9158,54.464,6808,+1.24526e+08ns,1.67574,OLSR,80,25,10,7.5,10,3
4,10.1.1.18,10.1.1.8,129,14,10.8527,10.304,1288,+9.42223e+07ns,0.103817,OLSR,80,25,10,7.5,10,3
5,10.1.1.13,10.1.1.3,202,20,9.90099,14.72,1840,+5.14623e+09ns,1.73125,OLSR,80,25,10,7.5,10,3
6,10.1.1.16,10.1.1.6,396,222,56.0606,163.392,20424,+3.22725e+08ns,1.67152,OLSR,80,25,10,7.5,10,3
7,10.1.1.19,10.1.1.9,379,99,26.1214,72.864,9108,+1.72198e+08ns,1.66541,OLSR,80,25,10,7.5,10,3
8,10.1.1.17,10.1.1.7,337,120,35.6083,88.32,11040,+4.69857e+09ns,1.74886,OLSR,80,25,10,7.5,10,3
9,10.1.1.15,10.1.1.5,377,351,93.1034,258.336,32292,+2.03225e+09ns,2.74825,OLSR,80,25,10,7.5,10,3
