Flow_ID,Source,Dest,Sent_packets,Recv_packets,PDR_%,Recv_rate,Recv_bytes,Delay,Throughput_Kbps,Protocol,Num_Of_Nodes,Mob_Speed,Num_Of_Sinks,Trans_Power,Set_Run,Set_Seed
1,10.1.1.11,10.1.1.1,221,17,7.69231,12.512,1564,+2.47406e+09ns,0.138581,OLSR,80,25,10,7.5,29,3
2,10.1.1.15,10.1.1.5,399,330,82.7068,242.88,30360,+7.42236e+09ns,2.441,OLSR,80,25,10,7.5,29,3
3,10.1.1.20,10.1.1.10,257,72,28.0156,52.992,6624,+1.87634e+08ns,0.821529,OLSR,80,25,10,7.5,29,3
4,10.1.1.16,10.1.1.6,398,246,61.809,181.056,22632,+4.29493e+08ns,1.8475,OLSR,80,25,10,7.5,29,3
5,10.1.1.19,10.1.1.9,279,102,36.5591,75.072,9384,+6.29345e+09ns,1.74577,OLSR,80,25,10,7.5,29,3
6,10.1.1.18,10.1.1.8,163,6,3.68098,4.416,552,+7.20296e+07ns,0.0461194,OLSR,80,25,10,7.5,29,3
7,10.1.1.14,10.1.1.4,194,96,49.4845,70.656,8832,+1.16254e+09ns,0.713695,OLSR,80,25,10,7.5,29,3
8,10.1.1.17,10.1.1.7,316,118,37.3418,86.848,10856,+1.79561e+08ns,1.58624,OLSR,80,25,10,7.5,29,3
9,10.1.1.13,10.1.1.3,206,12,5.82524,8.832,1104,+6.27264e+07ns,1.03875,OLSR,80,25,10,7.5,29,3
