Flow_ID,Source,Dest,Sent_packets,Recv_packets,PDR_%,Recv_rate,Recv_bytes,Delay,Throughput_Kbps,Protocol,Num_Of_Nodes,Mob_Speed,Num_Of_Sinks,Trans_Power,Set_Run,Set_Seed
1,10.1.1.16,10.1.1.6,399,236,59.1479,173.696,21712,+3.11468e+08ns,1.76789,OLSR,80,25,10,7.5,46,3
2,10.1.1.17,10.1.1.7,264,150,56.8182,110.4,13800,+2.55813e+08ns,1.98916,OLSR,80,25,10,7.5,46,3
3,10.1.1.20,10.1.1.10,242,62,25.6198,45.632,5704,+1.17542e+09ns,0.783348,OLSR,80,25,10,7.5,46,3
4,10.1.1.15,10.1.1.5,380,333,87.6316,245.088,30636,+3.31892e+08ns,2.46319,OLSR,80,25,10,7.5,46,3
5,10.1.1.18,10.1.1.8,101,20,19.802,14.72,1840,+2.39948e+09ns,0.148685,OLSR,80,25,10,7.5,46,3
6,10.1.1.14,10.1.1.4,200,99,49.5,72.864,9108,+1.69352e+08ns,0.735998,OLSR,80,25,10,7.5,46,3
7,10.1.1.13,10.1.1.3,278,7,2.51799,5.152,644,+2.37715e+09ns,0.327058,OLSR,80,25,10,7.5,46,3
8,10.1.1.19,10.1.1.9,396,96,24.2424,70.656,8832,+3.70181e+09ns,0.866672,OLSR,80,25,10,7.5,46,3
9,10.1.1.11,10.1.1.1,179,8,4.46927,5.888,736,+6.39204e+07ns,0.279978,OLSR,80,25,10,7.5,46,3
