Flow_ID,Source,Dest,Sent_packets,Recv_packets,PDR_%,Recv_rate,Recv_bytes,Delay,Throughput_Kbps,Protocol,Num_Of_Nodes,Mob_Speed,Num_Of_Sinks,Trans_Power,Set_Run,Set_Seed
1,10.1.1.19,10.1.1.9,302,103,34.106,75.808,9476,+2.21947e+09ns,1.07879,OLSR,80,25,10,7.5,30,3
2,10.1.1.16,10.1.1.6,398,233,58.5427,171.488,21436,+1.09387e+09ns,1.74987,OLSR,80,25,10,7.5,30,3
3,10.1.1.17,10.1.1.7,357,134,37.535,98.624,12328,+4.41779e+09ns,1.78502,OLSR,80,25,10,7.5,30,3
4,10.1.1.18,10.1.1.8,148,13,8.78378,9.568,1196,+1.0466e+08ns,0.0978635,OLSR,80,25,10,7.5,30,3
5,10.1.1.13,10.1.1.3,190,8,4.21053,5.888,736,+6.64797e+07ns,0.0618106,OLSR,80,25,10,7.5,30,3
6,10.1.1.20,10.1.1.10,258,70,27.1318,51.52,6440,+2.50609e+09ns,0.892082,OLSR,80,25,10,7.5,30,3
7,10.1.1.11,10.1.1.1,227,14,6.1674,10.304,1288,+5.30409e+07ns,0.378093,OLSR,80,25,10,7.5,30,3
8,10.1.1.15,10.1.1.5,396,341,86.1111,250.976,31372,+9.02513e+09ns,2.54152,OLSR,80,25,10,7.5,30,3
9,10.1.1.14,10.1.1.4,228,102,44.7368,75.072,9384,+1.76363e+09ns,0.76022,OLSR,80,25,10,7.5,30,3
