Flow_ID,Source,Dest,Sent_packets,Recv_packets,PDR_%,Recv_rate,Recv_bytes,Delay,Throughput_Kbps,Protocol,Num_Of_Nodes,Mob_Speed,Num_Of_Sinks,Trans_Power,Set_Run,Set_Seed
1,10.1.1.11,10.1.1.1,316,23,7.27848,16.928,2116,+1.33024e+08ns,0.310591,OLSR,80,25,10,7.5,23,3
2,10.1.1.18,10.1.1.8,177,9,5.08475,6.624,828,+6.09332e+07ns,0.0688133,OLSR,80,25,10,7.5,23,3
3,10.1.1.20,10.1.1.10,257,52,20.2335,38.272,4784,+7.02421e+07ns,1.50081,OLSR,80,25,10,7.5,23,3
4,10.1.1.16,10.1.1.6,398,256,64.3216,188.416,23552,+4.18029e+08ns,1.92261,OLSR,80,25,10,7.5,23,3
5,10.1.1.19,10.1.1.9,332,105,31.6265,77.28,9660,+1.60267e+08ns,1.66186,OLSR,80,25,10,7.5,23,3
6,10.1.1.14,10.1.1.4,235,98,41.7021,72.128,9016,+1.46234e+08ns,0.726728,OLSR,80,25,10,7.5,23,3
7,10.1.1.17,10.1.1.7,358,125,34.9162,92,11500,+2.0131e+08ns,1.67268,OLSR,80,25,10,7.5,23,3
8,10.1.1.13,10.1.1.3,207,15,7.24638,11.04,1380,+1.13509e+08ns,0.374205,OLSR,80,25,10,7.5,23,3
9,10.1.1.15,10.1.1.5,396,339,85.6061,249.504,31188,+2.30245e+09ns,2.52661,OLSR,80,25,10,7.5,23,3
