Flow_ID,Source,Dest,Sent_packets,Recv_packets,PDR_%,Recv_rate,Recv_bytes,Delay,Throughput_Kbps,Protocol,Num_Of_Nodes,Mob_Speed,Num_Of_Sinks,Trans_Power,Set_Run,Set_Seed
1,10.1.1.19,10.1.1.9,318,104,32.7044,76.544,9568,+2.67817e+08ns,1.75957,OLSR,80,25,10,7.5,45,3
2,10.1.1.14,10.1.1.4,234,109,46.5812,80.224,10028,+5.95564e+09ns,0.806269,OLSR,80,25,10,7.5,45,3
3,10.1.1.18,10.1.1.8,203,5,2.46305,3.68,460,+1.04421e+09ns,0.0372645,OLSR,80,25,10,7.5,45,3
4,10.1.1.13,10.1.1.3,180,4,2.22222,2.944,368,+3.81861e+07ns,1.68038,OLSR,80,25,10,7.5,45,3
5,10.1.1.17,10.1.1.7,343,137,39.9417,100.832,12604,+1.27672e+09ns,1.33077,OLSR,80,25,10,7.5,45,3
6,10.1.1.16,10.1.1.6,398,227,57.0352,167.072,20884,+6.46705e+09ns,1.70047,OLSR,80,25,10,7.5,45,3
7,10.1.1.20,10.1.1.10,309,62,20.0647,45.632,5704,+1.61288e+08ns,0.710192,OLSR,80,25,10,7.5,45,3
8,10.1.1.15,10.1.1.5,397,338,85.1385,248.768,31096,+4.48018e+08ns,2.5128,OLSR,80,25,10,7.5,45,3
9,10.1.1.11,10.1.1.1,332,7,2.10843,5.152,644,+3.19278e+09ns,0.0940952,OLSR,80,25,10,7.5,45,3
