Flow_ID,Source,Dest,Sent_packets,Recv_packets,PDR_%,Recv_rate,Recv_bytes,Delay,Throughput_Kbps,Protocol,Num_Of_Nodes,Mob_Speed,Num_Of_Sinks,Trans_Power,Set_Run,Set_Seed
1,10.1.1.20,10.1.1.10,327,94,28.7462,69.184,8648,+8.56442e+07ns,0.797502,OLSR,50,50,10,9.5,5,3
2,10.1.1.17,10.1.1.7,399,345,86.4662,253.92,31740,+1.85027e+08ns,2.55195,OLSR,50,50,10,9.5,5,3
3,10.1.1.18,10.1.1.8,221,48,21.7195,35.328,4416,+2.34514e+09ns,0.355054,OLSR,50,50,10,9.5,5,3
4,10.1.1.14,10.1.1.4,316,136,43.038,100.096,12512,+2.00781e+08ns,1.00851,OLSR,50,50,10,9.5,5,3
5,10.1.1.19,10.1.1.9,115,36,31.3043,26.496,3312,+6.45296e+07ns,0.268313,OLSR,50,50,10,9.5,5,3
6,10.1.1.16,10.1.1.6,268,44,16.4179,32.384,4048,+1.17234e+08ns,0.573148,OLSR,50,50,10,9.5,5,3
7,10.1.1.11,10.1.1.1,274,79,28.8321,58.144,7268,+8.33137e+07ns,0.729075,OLSR,50,50,10,9.5,5,3
8,10.1.1.13,10.1.1.3,246,97,39.4309,71.392,8924,+9.31235e+07ns,0.839903,OLSR,50,50,10,9.5,5,3
9,10.1.1.15,10.1.1.5,126,23,18.254,16.928,2116,+9.06866e+07ns,0.436835,OLSR,50,50,10,9.5,5,3
