Flow_ID,Source,Dest,Sent_packets,Recv_packets,PDR_%,Recv_rate,Recv_bytes,Delay,Throughput_Kbps,Protocol,Num_Of_Nodes,Mob_Speed,Num_Of_Sinks,Trans_Power,Set_Run,Set_Seed
1,10.1.1.17,10.1.1.7,342,192,56.1404,141.312,17664,+2.58133e+08ns,1.431,OLSR,50,50,10,5,5,3
2,10.1.1.19,10.1.1.9,64,16,25,11.776,1472,+3.67105e+07ns,1.56983,OLSR,50,50,10,5,5,3
3,10.1.1.16,10.1.1.6,109,10,9.17431,7.36,920,+2.99338e+07ns,3.27062,OLSR,50,50,10,5,5,3
4,10.1.1.14,10.1.1.4,130,37,28.4615,27.232,3404,+5.60319e+07ns,0.511396,OLSR,50,50,10,5,5,3
5,10.1.1.11,10.1.1.1,118,15,12.7119,11.04,1380,+1.07436e+07ns,0.158279,OLSR,50,50,10,5,5,3
6,10.1.1.20,10.1.1.10,136,38,27.9412,27.968,3496,+5.22364e+07ns,1.27125,OLSR,50,50,10,5,5,3
7,10.1.1.18,10.1.1.8,33,3,9.09091,2.208,276,+2.27179e+09ns,0.677739,OLSR,50,50,10,5,5,3
8,10.1.1.13,10.1.1.3,98,47,47.9592,34.592,4324,+4.30776e+07ns,2.16195,OLSR,50,50,10,5,5,3
