Flow_ID,Source,Dest,Sent_packets,Recv_packets,PDR_%,Recv_rate,Recv_bytes,Delay,Throughput_Kbps,Protocol,Num_Of_Nodes,Mob_Speed,Num_Of_Sinks,Trans_Power,Set_Run,Set_Seed
1,10.1.1.17,10.1.1.7,335,229,68.3582,168.544,21068,+2.76334e+08ns,1.6939,OLSR,50,50,10,6,5,3
2,10.1.1.18,10.1.1.8,55,7,12.7273,5.152,644,+2.33285e+07ns,0.0517784,OLSR,50,50,10,6,5,3
3,10.1.1.19,10.1.1.9,72,15,20.8333,11.04,1380,+3.9194e+07ns,2.20761,OLSR,50,50,10,6,5,3
4,10.1.1.16,10.1.1.6,83,17,20.4819,12.512,1564,+4.69911e+07ns,1.22058,OLSR,50,50,10,6,5,3
5,10.1.1.14,10.1.1.4,144,41,28.4722,30.176,3772,+5.17784e+07ns,0.56141,OLSR,50,50,10,6,5,3
6,10.1.1.11,10.1.1.1,160,27,16.875,19.872,2484,+6.00535e+07ns,0.283884,OLSR,50,50,10,6,5,3
7,10.1.1.20,10.1.1.10,180,42,23.3333,30.912,3864,+5.19759e+07ns,1.34398,OLSR,50,50,10,6,5,3
8,10.1.1.13,10.1.1.3,104,52,50,38.272,4784,+5.76382e+07ns,2.06872,OLSR,50,50,10,6,5,3
