Flow_ID,Source,Dest,Sent_packets,Recv_packets,PDR_%,Recv_rate,Recv_bytes,Delay,Throughput_Kbps,Protocol,Num_Of_Nodes,Mob_Speed,Num_Of_Sinks,Trans_Power,Set_Run,Set_Seed
1,10.1.1.17,10.1.1.7,399,323,80.9524,237.728,29716,+2.18573e+08ns,2.38922,OLSR,50,50,10,9,5,3
2,10.1.1.18,10.1.1.8,174,52,29.8851,38.272,4784,+1.06071e+10ns,0.384642,OLSR,50,50,10,9,5,3
3,10.1.1.20,10.1.1.10,310,72,23.2258,52.992,6624,+1.07865e+08ns,0.630736,OLSR,50,50,10,9,5,3
4,10.1.1.19,10.1.1.9,162,32,19.7531,23.552,2944,+6.66192e+07ns,0.2385,OLSR,50,50,10,9,5,3
5,10.1.1.14,10.1.1.4,273,129,47.2527,94.944,11868,+1.48904e+08ns,0.971285,OLSR,50,50,10,9,5,3
6,10.1.1.16,10.1.1.6,224,42,18.75,30.912,3864,+1.5099e+08ns,0.640214,OLSR,50,50,10,9,5,3
7,10.1.1.11,10.1.1.1,231,83,35.9307,61.088,7636,+1.37626e+08ns,0.82551,OLSR,50,50,10,9,5,3
8,10.1.1.15,10.1.1.5,157,14,8.9172,10.304,1288,+2.87483e+07ns,0.192593,OLSR,50,50,10,9,5,3
9,10.1.1.13,10.1.1.3,172,97,56.3953,71.392,8924,+7.19453e+07ns,1.59534,OLSR,50,50,10,9,5,3
