Flow_ID,Source,Dest,Sent_packets,Recv_packets,PDR_%,Recv_rate,Recv_bytes,Delay,Throughput_Kbps,Protocol,Num_Of_Nodes,Mob_Speed,Num_Of_Sinks,Trans_Power,Set_Run,Set_Seed
1,10.1.1.17,10.1.1.7,382,200,52.356,147.2,18400,+2.5587e+08ns,1.47939,OLSR,50,50,10,6.5,5,3
2,10.1.1.18,10.1.1.8,61,7,11.4754,5.152,644,+2.09085e+07ns,0.0517784,OLSR,50,50,10,6.5,5,3
3,10.1.1.19,10.1.1.9,81,26,32.0988,19.136,2392,+2.31165e+09ns,2.46888,OLSR,50,50,10,6.5,5,3
4,10.1.1.16,10.1.1.6,117,8,6.83761,5.888,736,+8.70113e+06ns,3.36392,OLSR,50,50,10,6.5,5,3
5,10.1.1.14,10.1.1.4,222,56,25.2252,41.216,5152,+8.34966e+09ns,0.766805,OLSR,50,50,10,6.5,5,3
6,10.1.1.11,10.1.1.1,127,29,22.8346,21.344,2668,+2.60714e+07ns,0.303828,OLSR,50,50,10,6.5,5,3
7,10.1.1.20,10.1.1.10,255,51,20,37.536,4692,+6.83899e+07ns,0.644385,OLSR,50,50,10,6.5,5,3
8,10.1.1.13,10.1.1.3,100,65,65,47.84,5980,+1.02205e+08ns,2.65773,OLSR,50,50,10,6.5,5,3
9,10.1.1.15,10.1.1.5,37,0,0,0,0,+0ns,-0,OLSR,50,50,10,6.5,5,3
