Flow_ID,Source,Dest,Sent_packets,Recv_packets,PDR_%,Recv_rate,Recv_bytes,Delay,Throughput_Kbps,Protocol,Num_Of_Nodes,Mob_Speed,Num_Of_Sinks,Trans_Power,Set_Run,Set_Seed
1,10.1.1.17,10.1.1.7,267,100,37.4532,73.6,9200,+1.2876e+08ns,0.749107,OLSR,50,50,10,4.5,5,3
2,10.1.1.19,10.1.1.9,64,12,18.75,8.832,1104,+2.72854e+07ns,1.4128,OLSR,50,50,10,4.5,5,3
3,10.1.1.16,10.1.1.6,60,9,15,6.624,828,+3.732e+07ns,3.31144,OLSR,50,50,10,4.5,5,3
4,10.1.1.14,10.1.1.4,144,34,23.6111,25.024,3128,+3.90479e+07ns,0.472148,OLSR,50,50,10,4.5,5,3
5,10.1.1.11,10.1.1.1,87,15,17.2414,11.04,1380,+1.24544e+07ns,0.158848,OLSR,50,50,10,4.5,5,3
6,10.1.1.20,10.1.1.10,96,17,17.7083,12.512,1564,+4.19956e+07ns,0.667275,OLSR,50,50,10,4.5,5,3
7,10.1.1.18,10.1.1.8,33,0,0,0,0,+0ns,-0,OLSR,50,50,10,4.5,5,3
8,10.1.1.13,10.1.1.3,97,37,38.1443,27.232,3404,+3.90296e+07ns,1.78567,OLSR,50,50,10,4.5,5,3
