Flow_ID,Source,Dest,Sent_packets,Recv_packets,PDR_%,Recv_rate,Recv_bytes,Delay,Throughput_Kbps,Protocol,Num_Of_Nodes,Mob_Speed,Num_Of_Sinks,Trans_Power,Set_Run,Set_Seed
1,10.1.1.16,10.1.1.6,34,10,29.4118,7.36,920,+2.09817e+07ns,3.26982,OLSR,50,50,10,2,5,3
2,10.1.1.14,10.1.1.4,113,23,20.354,16.928,2116,+8.30861e+09ns,0.322436,OLSR,50,50,10,2,5,3
3,10.1.1.20,10.1.1.10,48,2,4.16667,1.472,184,+4.78009e+06ns,0.0795638,OLSR,50,50,10,2,5,3
4,10.1.1.13,10.1.1.3,64,22,34.375,16.192,2024,+9.52683e+06ns,3.08399,OLSR,50,50,10,2,5,3
5,10.1.1.11,10.1.1.1,32,3,9.375,2.208,276,+3.2801e+06ns,4.41303,OLSR,50,50,10,2,5,3
6,10.1.1.17,10.1.1.7,48,37,77.0833,27.232,3404,+1.83758e+07ns,3.02566,OLSR,50,50,10,2,5,3
