Flow_ID,Source,Dest,Sent_packets,Recv_packets,PDR_%,Recv_rate,Recv_bytes,Delay,Throughput_Kbps,Protocol,Num_Of_Nodes,Mob_Speed,Num_Of_Sinks,Trans_Power,Set_Run,Set_Seed
1,10.1.1.17,10.1.1.7,398,252,63.3166,185.472,23184,+2.57833e+09ns,1.86403,OLSR,50,50,10,7.5,5,3
2,10.1.1.18,10.1.1.8,86,20,23.2558,14.72,1840,+8.30762e+09ns,0.147938,OLSR,50,50,10,7.5,5,3
3,10.1.1.19,10.1.1.9,85,36,42.3529,26.496,3312,+8.22503e+07ns,0.271751,OLSR,50,50,10,7.5,5,3
4,10.1.1.16,10.1.1.6,210,24,11.4286,17.664,2208,+4.91567e+07ns,1.19749,OLSR,50,50,10,7.5,5,3
5,10.1.1.14,10.1.1.4,235,61,25.9574,44.896,5612,+6.65692e+07ns,0.798146,OLSR,50,50,10,7.5,5,3
6,10.1.1.11,10.1.1.1,150,44,29.3333,32.384,4048,+6.78465e+07ns,0.456111,OLSR,50,50,10,7.5,5,3
7,10.1.1.20,10.1.1.10,251,72,28.6853,52.992,6624,+1.17731e+08ns,0.886882,OLSR,50,50,10,7.5,5,3
8,10.1.1.15,10.1.1.5,102,14,13.7255,10.304,1288,+4.70454e+07ns,0.191697,OLSR,50,50,10,7.5,5,3
9,10.1.1.13,10.1.1.3,137,82,59.854,60.352,7544,+2.35599e+09ns,1.5882,OLSR,50,50,10,7.5,5,3
