Flow_ID,Source,Dest,Sent_packets,Recv_packets,PDR_%,Recv_rate,Recv_bytes,Delay,Throughput_Kbps,Protocol,Num_Of_Nodes,Mob_Speed,Num_Of_Sinks,Trans_Power,Set_Run,Set_Seed
1,10.1.1.17,10.1.1.7,169,55,32.5444,40.48,5060,+5.43163e+07ns,0.414116,OLSR,50,50,10,3.5,5,3
2,10.1.1.19,10.1.1.9,63,7,11.1111,5.152,644,+1.43888e+07ns,3.43264,OLSR,50,50,10,3.5,5,3
3,10.1.1.16,10.1.1.6,57,6,10.5263,4.416,552,+1.30466e+07ns,3.53185,OLSR,50,50,10,3.5,5,3
4,10.1.1.14,10.1.1.4,146,31,21.2329,22.816,2852,+3.13763e+07ns,0.430488,OLSR,50,50,10,3.5,5,3
5,10.1.1.20,10.1.1.10,81,21,25.9259,15.456,1932,+3.74302e+07ns,0.782547,OLSR,50,50,10,3.5,5,3
6,10.1.1.13,10.1.1.3,96,33,34.375,24.288,3036,+3.32203e+07ns,1.70438,OLSR,50,50,10,3.5,5,3
7,10.1.1.11,10.1.1.1,58,14,24.1379,10.304,1288,+1.8526e+07ns,3.17013,OLSR,50,50,10,3.5,5,3
