Flow_ID,Source,Dest,Sent_packets,Recv_packets,PDR_%,Recv_rate,Recv_bytes,Delay,Throughput_Kbps,Protocol,Num_Of_Nodes,Mob_Speed,Num_Of_Sinks,Trans_Power,Set_Run,Set_Seed
1,10.1.1.17,10.1.1.7,226,64,28.3186,47.104,5888,+4.93003e+07ns,0.480651,OLSR,50,50,10,4,5,3
2,10.1.1.19,10.1.1.9,64,9,14.0625,6.624,828,+1.656e+07ns,3.31053,OLSR,50,50,10,4,5,3
3,10.1.1.16,10.1.1.6,57,10,17.5439,7.36,920,+2.94613e+07ns,3.26982,OLSR,50,50,10,4,5,3
4,10.1.1.14,10.1.1.4,147,32,21.7687,23.552,2944,+3.33326e+07ns,0.444375,OLSR,50,50,10,4,5,3
5,10.1.1.20,10.1.1.10,96,24,25,17.664,2208,+5.06353e+07ns,0.894365,OLSR,50,50,10,4,5,3
6,10.1.1.13,10.1.1.3,96,36,37.5,26.496,3312,+1.4126e+07ns,1.79627,OLSR,50,50,10,4,5,3
7,10.1.1.11,10.1.1.1,63,14,22.2222,10.304,1288,+6.67808e+06ns,3.17013,OLSR,50,50,10,4,5,3
