Flow_ID,Source,Dest,Sent_packets,Recv_packets,PDR_%,Recv_rate,Recv_bytes,Delay,Throughput_Kbps,Protocol,Num_Of_Nodes,Mob_Speed,Num_Of_Sinks,Trans_Power,Set_Run,Set_Seed
1,10.1.1.16,10.1.1.6,57,9,15.7895,6.624,828,+2.46062e+07ns,3.30286,OLSR,50,50,10,2.5,5,3
2,10.1.1.14,10.1.1.4,106,25,23.5849,18.4,2300,+3.46632e+07ns,0.364354,OLSR,50,50,10,2.5,5,3
3,10.1.1.20,10.1.1.10,24,1,4.16667,0.736,92,+6.51538e+06ns,112.963,OLSR,50,50,10,2.5,5,3
4,10.1.1.13,10.1.1.3,64,24,37.5,17.664,2208,+9.95933e+06ns,3.07182,OLSR,50,50,10,2.5,5,3
5,10.1.1.11,10.1.1.1,48,11,22.9167,8.096,1012,+5.50924e+06ns,3.23796,OLSR,50,50,10,2.5,5,3
6,10.1.1.17,10.1.1.7,54,44,81.4815,32.384,4048,+1.98799e+07ns,3.01237,OLSR,50,50,10,2.5,5,3
