Flow_ID,Source,Dest,Sent_packets,Recv_packets,PDR_%,Recv_rate,Recv_bytes,Delay,Throughput_Kbps,Protocol,Num_Of_Nodes,Mob_Speed,Num_Of_Sinks,Trans_Power,Set_Run,Set_Seed
1,10.1.1.17,10.1.1.7,125,48,38.4,35.328,4416,+4.32104e+07ns,0.363269,OLSR,50,50,10,3,5,3
2,10.1.1.19,10.1.1.9,59,3,5.08475,2.208,276,+1.7432e+07ns,4.40337,OLSR,50,50,10,3,5,3
3,10.1.1.16,10.1.1.6,56,6,10.7143,4.416,552,+1.47011e+07ns,3.5303,OLSR,50,50,10,3,5,3
4,10.1.1.14,10.1.1.4,115,30,26.087,22.08,2760,+8.30615e+09ns,0.420569,OLSR,50,50,10,3,5,3
5,10.1.1.20,10.1.1.10,64,8,12.5,5.888,736,+3.19335e+07ns,0.298056,OLSR,50,50,10,3,5,3
6,10.1.1.11,10.1.1.1,57,13,22.807,9.568,1196,+6.38166e+06ns,3.18898,OLSR,50,50,10,3,5,3
7,10.1.1.13,10.1.1.3,64,25,39.0625,18.4,2300,+1.46756e+07ns,3.06649,OLSR,50,50,10,3,5,3
