Flow_ID,Source,Dest,Sent_packets,Recv_packets,PDR_%,Recv_rate,Recv_bytes,Delay,Throughput_Kbps,Protocol,Num_Of_Nodes,Mob_Speed,Num_Of_Sinks,Trans_Power,Set_Run,Set_Seed
1,10.1.1.17,10.1.1.7,391,266,68.0307,195.776,24472,+2.85554e+08ns,1.96759,OLSR,50,50,10,8,5,3
2,10.1.1.18,10.1.1.8,175,32,18.2857,23.552,2944,+1.65935e+10ns,0.236701,OLSR,50,50,10,8,5,3
3,10.1.1.19,10.1.1.9,155,38,24.5161,27.968,3496,+8.93798e+07ns,0.286115,OLSR,50,50,10,8,5,3
4,10.1.1.16,10.1.1.6,158,25,15.8228,18.4,2300,+9.40386e+07ns,0.459686,OLSR,50,50,10,8,5,3
5,10.1.1.14,10.1.1.4,216,72,33.3333,52.992,6624,+5.35707e+09ns,0.942074,OLSR,50,50,10,8,5,3
6,10.1.1.11,10.1.1.1,181,60,33.1492,44.16,5520,+3.25817e+08ns,0.598777,OLSR,50,50,10,8,5,3
7,10.1.1.20,10.1.1.10,266,82,30.8271,60.352,7544,+1.06451e+08ns,0.977346,OLSR,50,50,10,8,5,3
8,10.1.1.13,10.1.1.3,118,79,66.9492,58.144,7268,+9.02837e+07ns,2.42263,OLSR,50,50,10,8,5,3
9,10.1.1.15,10.1.1.5,76,22,28.9474,16.192,2024,+6.20565e+07ns,0.863507,OLSR,50,50,10,8,5,3
