Flow_ID,Source,Dest,Sent_packets,Recv_packets,PDR_%,Recv_rate,Recv_bytes,Delay,Throughput_Kbps,Protocol,Num_Of_Nodes,Mob_Speed,Num_Of_Sinks,Trans_Power,Set_Run,Set_Seed
1,10.1.1.18,10.1.1.8,249,77,30.9237,56.672,7084,+1.25422e+08ns,0.944519,OLSR,50,30,10,6.5,5,3
2,10.1.1.19,10.1.1.9,358,171,47.7654,125.856,15732,+8.45994e+09ns,1.58807,OLSR,50,30,10,6.5,5,3
3,10.1.1.11,10.1.1.1,80,8,10,5.888,736,+2.02258e+07ns,0.0629727,OLSR,50,30,10,6.5,5,3
4,10.1.1.17,10.1.1.7,224,46,20.5357,33.856,4232,+1.79133e+08ns,0.405457,OLSR,50,30,10,6.5,5,3
5,10.1.1.12,10.1.1.2,119,56,47.0588,41.216,5152,+6.13479e+07ns,2.99745,OLSR,50,30,10,6.5,5,3
6,10.1.1.14,10.1.1.4,80,76,95,55.936,6992,+6.19496e+07ns,0.637445,OLSR,50,30,10,6.5,5,3
7,10.1.1.20,10.1.1.10,66,26,39.3939,19.136,2392,+3.15247e+07ns,2.55135,OLSR,50,30,10,6.5,5,3
8,10.1.1.16,10.1.1.6,119,36,30.2521,26.496,3312,+2.08748e+09ns,0.954452,OLSR,50,30,10,6.5,5,3
