Flow_ID,Source,Dest,Sent_packets,Recv_packets,PDR_%,Recv_rate,Recv_bytes,Delay,Throughput_Kbps,Protocol,Num_Of_Nodes,Mob_Speed,Num_Of_Sinks,Trans_Power,Set_Run,Set_Seed
1,10.1.1.19,10.1.1.9,130,30,23.0769,22.08,2760,+1.24546e+07ns,3.04538,OLSR,50,30,10,2,5,3
2,10.1.1.17,10.1.1.7,97,0,0,0,0,+0ns,-0,OLSR,50,30,10,2,5,3
3,10.1.1.12,10.1.1.2,64,20,31.25,14.72,1840,+1.66357e+07ns,3.09873,OLSR,50,30,10,2,5,3
4,10.1.1.20,10.1.1.10,40,13,32.5,9.568,1196,+2.29334e+07ns,3.18898,OLSR,50,30,10,2,5,3
5,10.1.1.16,10.1.1.6,65,11,16.9231,8.096,1012,+4.81998e+07ns,3.2343,OLSR,50,30,10,2,5,3
6,10.1.1.14,10.1.1.4,72,40,55.5556,29.44,3680,+4.41985e+07ns,2.10281,OLSR,50,30,10,2,5,3
