Flow_ID,Source,Dest,Sent_packets,Recv_packets,PDR_%,Recv_rate,Recv_bytes,Delay,Throughput_Kbps,Protocol,Num_Of_Nodes,Mob_Speed,Num_Of_Sinks,Trans_Power,Set_Run,Set_Seed
1,10.1.1.18,10.1.1.8,8,0,0,0,0,+0ns,-0,OLSR,50,30,10,4.5,5,3
2,10.1.1.19,10.1.1.9,327,133,40.6728,97.888,12236,+2.42196e+08ns,1.17229,OLSR,50,30,10,4.5,5,3
3,10.1.1.17,10.1.1.7,151,6,3.97351,4.416,552,+1.90254e+07ns,3.5303,OLSR,50,30,10,4.5,5,3
4,10.1.1.12,10.1.1.2,90,37,41.1111,27.232,3404,+4.45934e+07ns,2.65669,OLSR,50,30,10,4.5,5,3
5,10.1.1.20,10.1.1.10,57,15,26.3158,11.04,1380,+4.13736e+07ns,1.8399,OLSR,50,30,10,4.5,5,3
6,10.1.1.16,10.1.1.6,116,37,31.8966,27.232,3404,+1.02996e+08ns,1.28083,OLSR,50,30,10,4.5,5,3
7,10.1.1.14,10.1.1.4,71,59,83.0986,43.424,5428,+5.08901e+07ns,2.6317,OLSR,50,30,10,4.5,5,3
8,10.1.1.11,10.1.1.1,14,0,0,0,0,+0ns,-0,OLSR,50,30,10,4.5,5,3
