Flow_ID,Source,Dest,Sent_packets,Recv_packets,PDR_%,Recv_rate,Recv_bytes,Delay,Throughput_Kbps,Protocol,Num_Of_Nodes,Mob_Speed,Num_Of_Sinks,Trans_Power,Set_Run,Set_Seed
1,10.1.1.18,10.1.1.8,112,51,45.5357,37.536,4692,+5.38028e+07ns,0.65279,OLSR,50,30,10,5,5,3
2,10.1.1.19,10.1.1.9,342,124,36.2573,91.264,11408,+5.46417e+09ns,1.13019,OLSR,50,30,10,5,5,3
3,10.1.1.12,10.1.1.2,90,44,48.8889,32.384,4048,+5.34541e+07ns,3.01237,OLSR,50,30,10,5,5,3
4,10.1.1.17,10.1.1.7,155,7,4.51613,5.152,644,+1.90106e+07ns,3.43264,OLSR,50,30,10,5,5,3
5,10.1.1.20,10.1.1.10,49,10,20.4082,7.36,920,+1.88122e+07ns,1.73163,OLSR,50,30,10,5,5,3
6,10.1.1.16,10.1.1.6,117,27,23.0769,19.872,2484,+7.48592e+07ns,0.980461,OLSR,50,30,10,5,5,3
7,10.1.1.14,10.1.1.4,72,61,84.7222,44.896,5612,+7.98096e+07ns,2.60262,OLSR,50,30,10,5,5,3
8,10.1.1.11,10.1.1.1,15,0,0,0,0,+0ns,-0,OLSR,50,30,10,5,5,3
