Flow_ID,Source,Dest,Sent_packets,Recv_packets,PDR_%,Recv_rate,Recv_bytes,Delay,Throughput_Kbps,Protocol,Num_Of_Nodes,Mob_Speed,Num_Of_Sinks,Trans_Power,Set_Run,Set_Seed
1,10.1.1.19,10.1.1.9,195,31,15.8974,22.816,2852,+1.28108e+07ns,3.042,OLSR,50,30,10,2.5,5,3
2,10.1.1.17,10.1.1.7,82,0,0,0,0,+0ns,-0,OLSR,50,30,10,2.5,5,3
3,10.1.1.12,10.1.1.2,64,20,31.25,14.72,1840,+1.69158e+07ns,3.09873,OLSR,50,30,10,2.5,5,3
4,10.1.1.20,10.1.1.10,39,14,35.8974,10.304,1288,+2.41897e+07ns,3.17013,OLSR,50,30,10,2.5,5,3
5,10.1.1.16,10.1.1.6,39,11,28.2051,8.096,1012,+3.27022e+07ns,3.23796,OLSR,50,30,10,2.5,5,3
6,10.1.1.14,10.1.1.4,71,43,60.5634,31.648,3956,+4.18523e+07ns,2.22086,OLSR,50,30,10,2.5,5,3
