Flow_ID,Source,Dest,Sent_packets,Recv_packets,PDR_%,Recv_rate,Recv_bytes,Delay,Throughput_Kbps,Protocol,Num_Of_Nodes,Mob_Speed,Num_Of_Sinks,Trans_Power,Set_Run,Set_Seed
1,10.1.1.18,10.1.1.8,7,0,0,0,0,+0ns,-0,OLSR,50,30,10,3,5,3
2,10.1.1.19,10.1.1.9,201,52,25.8706,38.272,4784,+8.37827e+07ns,0.484436,OLSR,50,30,10,3,5,3
3,10.1.1.12,10.1.1.2,80,30,37.5,22.08,2760,+3.52326e+07ns,2.32413,OLSR,50,30,10,3,5,3
4,10.1.1.17,10.1.1.7,113,0,0,0,0,+0ns,-0,OLSR,50,30,10,3,5,3
5,10.1.1.20,10.1.1.10,41,8,19.5122,5.888,736,+1.85284e+07ns,1.68212,OLSR,50,30,10,3,5,3
6,10.1.1.16,10.1.1.6,41,12,29.2683,8.832,1104,+1.29848e+07ns,3.21124,OLSR,50,30,10,3,5,3
7,10.1.1.14,10.1.1.4,71,45,63.3803,33.12,4140,+4.68745e+07ns,2.24537,OLSR,50,30,10,3,5,3
8,10.1.1.11,10.1.1.1,14,0,0,0,0,+0ns,-0,OLSR,50,30,10,3,5,3
