Flow_ID,Source,Dest,Sent_packets,Recv_packets,PDR_%,Recv_rate,Recv_bytes,Delay,Throughput_Kbps,Protocol,Num_Of_Nodes,Mob_Speed,Num_Of_Sinks,Trans_Power,Set_Run,Set_Seed
1,10.1.1.18,10.1.1.8,196,79,40.3061,58.144,7268,+8.19e+07ns,0.98967,OLSR,50,30,10,5.5,5,3
2,10.1.1.19,10.1.1.9,354,127,35.8757,93.472,11684,+1.9361e+08ns,1.12256,OLSR,50,30,10,5.5,5,3
3,10.1.1.17,10.1.1.7,150,4,2.66667,2.944,368,+3.59557e+07ns,0.066515,OLSR,50,30,10,5.5,5,3
4,10.1.1.12,10.1.1.2,120,45,37.5,33.12,4140,+5.2453e+07ns,3.01082,OLSR,50,30,10,5.5,5,3
5,10.1.1.20,10.1.1.10,56,25,44.6429,18.4,2300,+3.231e+07ns,3.06649,OLSR,50,30,10,5.5,5,3
6,10.1.1.16,10.1.1.6,119,30,25.2101,22.08,2760,+9.41508e+07ns,1.01442,OLSR,50,30,10,5.5,5,3
7,10.1.1.14,10.1.1.4,71,63,88.7324,46.368,5796,+6.08891e+07ns,2.64955,OLSR,50,30,10,5.5,5,3
8,10.1.1.11,10.1.1.1,22,1,4.54545,0.736,92,+9.40872e+06ns,78.2253,OLSR,50,30,10,5.5,5,3
