Flow_ID,Source,Dest,Sent_packets,Recv_packets,PDR_%,Recv_rate,Recv_bytes,Delay,Throughput_Kbps,Protocol,Num_Of_Nodes,Mob_Speed,Num_Of_Sinks,Trans_Power,Set_Run,Set_Seed
1,10.1.1.15,10.1.1.5,23,0,0,0,0,+0ns,-0,OLSR,50,30,10,6,5,3
2,10.1.1.18,10.1.1.8,183,67,36.612,49.312,6164,+6.7773e+07ns,0.832258,OLSR,50,30,10,6,5,3
3,10.1.1.19,10.1.1.9,334,144,43.1138,105.984,13248,+1.61702e+08ns,1.29643,OLSR,50,30,10,6,5,3
4,10.1.1.11,10.1.1.1,47,4,8.51064,2.944,368,+1.85924e+07ns,0.0324405,OLSR,50,30,10,6,5,3
5,10.1.1.12,10.1.1.2,165,54,32.7273,39.744,4968,+6.41981e+07ns,2.99947,OLSR,50,30,10,6,5,3
6,10.1.1.17,10.1.1.7,199,7,3.51759,5.152,644,+7.19605e+07ns,0.0641895,OLSR,50,30,10,6,5,3
7,10.1.1.20,10.1.1.10,56,27,48.2143,19.872,2484,+2.80107e+07ns,3.05707,OLSR,50,30,10,6,5,3
8,10.1.1.16,10.1.1.6,117,27,23.0769,19.872,2484,+5.5449e+07ns,1.0061,OLSR,50,30,10,6,5,3
9,10.1.1.14,10.1.1.4,71,63,88.7324,46.368,5796,+4.35581e+07ns,2.64955,OLSR,50,30,10,6,5,3
