Flow_ID,Source,Dest,Sent_packets,Recv_packets,PDR_%,Recv_rate,Recv_bytes,Delay,Throughput_Kbps,Protocol,Num_Of_Nodes,Mob_Speed,Num_Of_Sinks,Trans_Power,Set_Run,Set_Seed
1,10.1.1.18,10.1.1.8,280,69,24.6429,50.784,6348,+1.1871e+08ns,0.971926,OLSR,50,30,10,7.5,5,3
2,10.1.1.19,10.1.1.9,389,218,56.0411,160.448,20056,+2.23447e+08ns,1.95666,OLSR,50,30,10,7.5,5,3
3,10.1.1.17,10.1.1.7,262,97,37.0229,71.392,8924,+1.46446e+08ns,0.722954,OLSR,50,30,10,7.5,5,3
4,10.1.1.11,10.1.1.1,58,4,6.89655,2.944,368,+1.65843e+07ns,0.0309892,OLSR,50,30,10,7.5,5,3
5,10.1.1.12,10.1.1.2,149,68,45.6376,50.048,6256,+6.77461e+07ns,2.98788,OLSR,50,30,10,7.5,5,3
6,10.1.1.20,10.1.1.10,100,30,30,22.08,2760,+6.95828e+07ns,1.8024,OLSR,50,30,10,7.5,5,3
7,10.1.1.14,10.1.1.4,119,87,73.1092,64.032,8004,+6.56478e+07ns,2.17055,OLSR,50,30,10,7.5,5,3
8,10.1.1.16,10.1.1.6,118,55,46.6102,40.48,5060,+1.04226e+08ns,1.43288,OLSR,50,30,10,7.5,5,3
