Flow_ID,Source,Dest,Sent_packets,Recv_packets,PDR_%,Recv_rate,Recv_bytes,Delay,Throughput_Kbps,Protocol,Num_Of_Nodes,Mob_Speed,Num_Of_Sinks,Trans_Power,Set_Run,Set_Seed
1,10.1.1.11,10.1.1.1,130,34,26.1538,25.024,3128,+9.395e+07ns,0.251497,OLSR,50,30,10,8.5,5,3
2,10.1.1.16,10.1.1.6,120,83,69.1667,61.088,7636,+8.42934e+09ns,0.623341,OLSR,50,30,10,8.5,5,3
3,10.1.1.17,10.1.1.7,286,143,50,105.248,13156,+2.05417e+08ns,1.05777,OLSR,50,30,10,8.5,5,3
4,10.1.1.18,10.1.1.8,301,138,45.8472,101.568,12696,+2.62913e+08ns,1.61217,OLSR,50,30,10,8.5,5,3
5,10.1.1.14,10.1.1.4,173,112,64.7399,82.432,10304,+1.10028e+08ns,0.830546,OLSR,50,30,10,8.5,5,3
6,10.1.1.19,10.1.1.9,396,243,61.3636,178.848,22356,+2.29445e+08ns,2.16128,OLSR,50,30,10,8.5,5,3
7,10.1.1.12,10.1.1.2,197,79,40.1015,58.144,7268,+8.05296e+07ns,2.98169,OLSR,50,30,10,8.5,5,3
8,10.1.1.20,10.1.1.10,113,33,29.2035,24.288,3036,+6.55931e+07ns,2.067,OLSR,50,30,10,8.5,5,3
