Flow_ID,Source,Dest,Sent_packets,Recv_packets,PDR_%,Recv_rate,Recv_bytes,Delay,Throughput_Kbps,Protocol,Num_Of_Nodes,Mob_Speed,Num_Of_Sinks,Trans_Power,Set_Run,Set_Seed
1,10.1.1.18,10.1.1.8,8,0,0,0,0,+0ns,-0,OLSR,50,30,10,3.5,5,3
2,10.1.1.19,10.1.1.9,238,65,27.3109,47.84,5980,+7.18032e+07ns,0.633635,OLSR,50,30,10,3.5,5,3
3,10.1.1.17,10.1.1.7,136,5,3.67647,3.68,460,+1.79398e+07ns,3.67674,OLSR,50,30,10,3.5,5,3
4,10.1.1.12,10.1.1.2,79,32,40.5063,23.552,2944,+3.65746e+07ns,2.47907,OLSR,50,30,10,3.5,5,3
5,10.1.1.20,10.1.1.10,49,15,30.6122,11.04,1380,+2.9584e+07ns,2.94374,OLSR,50,30,10,3.5,5,3
6,10.1.1.16,10.1.1.6,75,20,26.6667,14.72,1840,+1.9447e+07ns,3.09873,OLSR,50,30,10,3.5,5,3
7,10.1.1.14,10.1.1.4,71,46,64.7887,33.856,4232,+4.50748e+07ns,2.22002,OLSR,50,30,10,3.5,5,3
8,10.1.1.11,10.1.1.1,15,0,0,0,0,+0ns,-0,OLSR,50,30,10,3.5,5,3
