Flow_ID,Source,Dest,Sent_packets,Recv_packets,PDR_%,Recv_rate,Recv_bytes,Delay,Throughput_Kbps,Protocol,Num_Of_Nodes,Mob_Speed,Num_Of_Sinks,Trans_Power,Set_Run,Set_Seed
1,10.1.1.18,10.1.1.8,264,68,25.7576,50.048,6256,+1.18122e+08ns,0.966903,OLSR,50,30,10,7,5,3
2,10.1.1.19,10.1.1.9,390,217,55.641,159.712,19964,+2.6692e+08ns,1.95964,OLSR,50,30,10,7,5,3
3,10.1.1.11,10.1.1.1,47,9,19.1489,6.624,828,+1.45737e+07ns,0.0700946,OLSR,50,30,10,7,5,3
4,10.1.1.12,10.1.1.2,120,65,54.1667,47.84,5980,+8.10177e+07ns,2.98994,OLSR,50,30,10,7,5,3
5,10.1.1.17,10.1.1.7,254,69,27.1654,50.784,6348,+1.61743e+08ns,0.600988,OLSR,50,30,10,7,5,3
6,10.1.1.14,10.1.1.4,112,70,62.5,51.52,6440,+6.4464e+07ns,0.58712,OLSR,50,30,10,7,5,3
7,10.1.1.20,10.1.1.10,69,29,42.029,21.344,2668,+4.61933e+07ns,2.66789,OLSR,50,30,10,7,5,3
8,10.1.1.16,10.1.1.6,116,47,40.5172,34.592,4324,+1.14767e+08ns,1.26894,OLSR,50,30,10,7,5,3
