Flow_ID,Source,Dest,Sent_packets,Recv_packets,PDR_%,Recv_rate,Recv_bytes,Delay,Throughput_Kbps,Protocol,Num_Of_Nodes,Mob_Speed,Num_Of_Sinks,Trans_Power,Set_Run,Set_Seed
1,10.1.1.18,10.1.1.8,7,0,0,0,0,+0ns,-0,OLSR,50,30,10,4,5,3
2,10.1.1.19,10.1.1.9,264,86,32.5758,63.296,7912,+1.27928e+08ns,0.832832,OLSR,50,30,10,4,5,3
3,10.1.1.12,10.1.1.2,88,35,39.7727,25.76,3220,+4.57585e+07ns,2.57591,OLSR,50,30,10,4,5,3
4,10.1.1.17,10.1.1.7,152,5,3.28947,3.68,460,+1.764e+07ns,3.67674,OLSR,50,30,10,4,5,3
5,10.1.1.20,10.1.1.10,47,15,31.9149,11.04,1380,+2.34169e+07ns,3.15398,OLSR,50,30,10,4,5,3
6,10.1.1.16,10.1.1.6,98,22,22.449,16.192,2024,+3.33777e+07ns,3.08399,OLSR,50,30,10,4,5,3
7,10.1.1.14,10.1.1.4,71,49,69.0141,36.064,4508,+4.46769e+07ns,2.28973,OLSR,50,30,10,4,5,3
8,10.1.1.11,10.1.1.1,16,0,0,0,0,+0ns,-0,OLSR,50,30,10,4,5,3
